Player,Season,Team,S/C,Pos,GP,G,A,P,+/-,PIM,P/GP,EVG,EVP,PPG,PPP,SHG,SHP,OTG,GWG,S,S%,TOI/GP,FOW%
Connor McDavid,20202021,EDM,L,C,13,9,17,26,0,10,2,5,15,4,11,0,0,1,3,48,18.8,22:29,50.9
Leon Draisaitl,20202021,EDM,L,C,13,7,16,23,11,4,1.77,2,13,4,9,1,1,0,3,35,20,22:15,58.2
Mitchell Marner,20202021,TOR,R,R,12,6,14,20,6,8,1.67,6,13,0,7,0,0,0,2,29,20.7,22:58,100
James van Riemsdyk,20202021,PHI,L,L,13,7,11,18,5,4,1.38,2,12,5,6,0,0,0,0,30,23.3,15:41,66.7
Patrick Kane,20202021,CHI,L,R,13,6,11,17,0,6,1.31,5,11,1,6,0,0,0,0,48,12.5,21:48,--
Nicklas Backstrom,20202021,WSH,L,C,12,6,11,17,0,2,1.42,4,11,2,6,0,0,0,0,30,20,19:55,43
Quinn Hughes,20202021,VAN,L,D,15,1,15,16,-12,6,1.07,1,8,0,8,0,0,0,0,39,2.6,22:09,--
Brad Marchand,20202021,BOS,L,L,11,7,8,15,6,2,1.36,4,6,2,7,1,2,0,0,32,21.9,19:52,60
Joe Pavelski,20202021,DAL,R,C,9,7,8,15,7,6,1.67,2,6,5,9,0,0,0,2,25,28,20:06,51.3
Patrice Bergeron,20202021,BOS,R,C,11,6,9,15,5,2,1.36,1,5,4,9,1,1,1,1,42,14.3,18:39,60.2
Artemi Panarin,20202021,NYR,R,L,10,5,10,15,2,0,1.5,3,9,2,6,0,0,0,0,30,16.7,21:36,0
Auston Matthews,20202021,TOR,L,C,11,10,4,14,4,0,1.27,7,11,3,3,0,0,0,4,50,20,21:42,53.7
Brock Boeser,20202021,VAN,R,R,15,9,5,14,-6,8,0.93,6,10,3,4,0,0,0,1,39,23.1,18:46,50
Jeff Petry,20202021,MTL,R,D,12,6,8,14,14,2,1.17,4,7,2,6,0,1,0,1,32,18.8,21:47,--
Mark Scheifele,20202021,WPG,R,C,11,5,9,14,-1,4,1.27,5,10,0,4,0,0,0,1,29,17.2,22:29,50.8
Mark Stone,20202021,VGK,R,R,9,3,11,14,7,9,1.56,3,11,0,3,0,0,0,2,19,15.8,18:16,57.1
Nathan MacKinnon,20202021,COL,R,C,10,2,12,14,6,2,1.4,0,8,2,6,0,0,0,0,41,4.9,20:17,47.2
Anze Kopitar,20202021,LAK,L,C,11,2,12,14,-1,2,1.27,2,6,0,8,0,0,0,1,25,8,22:04,54.8
Tyler Toffoli,20202021,MTL,R,C,12,9,4,13,8,4,1.08,5,7,2,3,2,3,0,1,42,21.4,16:40,45.5
Johnny Gaudreau,20202021,CGY,L,L,11,7,6,13,0,0,1.18,4,7,3,6,0,0,0,2,24,29.2,19:14,--
J.T. Miller,20202021,VAN,L,C,12,3,10,13,-6,8,1.08,2,6,1,7,0,0,0,1,19,15.8,19:13,50.8
Kyle Connor,20202021,WPG,L,L,11,7,5,12,-4,6,1.09,3,8,4,4,0,0,0,1,28,25,19:55,100
Joel Farabee,20202021,PHI,L,L,13,6,6,12,6,6,0.92,6,10,0,2,0,0,0,1,28,21.4,14:19,25
Bo Horvat,20202021,VAN,L,C,15,6,6,12,-6,4,0.8,3,8,3,4,0,0,0,0,31,19.4,18:52,53.4
Nikolaj Ehlers,20202021,WPG,L,L,11,6,6,12,9,0,1.09,5,10,1,2,0,0,1,2,39,15.4,17:03,--
Alex DeBrincat,20202021,CHI,R,L,9,6,6,12,3,2,1.33,3,7,3,5,0,0,1,2,34,17.7,19:06,25
John Tavares,20202021,TOR,L,C,12,5,7,12,4,6,1,1,6,4,6,0,0,0,1,33,15.2,17:56,60.8
Jordan Kyrou,20202021,STL,R,C,12,5,7,12,3,0,1,5,11,0,1,0,0,0,2,28,17.9,14:07,50
Alex Ovechkin,20202021,WSH,R,L,8,5,7,12,-2,2,1.5,4,8,1,4,0,0,1,1,32,15.6,20:10,0
Tom Wilson,20202021,WSH,R,R,10,5,7,12,1,9,1.2,4,9,1,3,0,0,0,1,19,26.3,18:17,45.5
William Nylander,20202021,TOR,R,R,12,4,8,12,2,6,1,3,7,1,5,0,0,0,0,24,16.7,16:08,57.1
Jonathan Huberdeau,20202021,FLA,L,L,9,4,8,12,-1,10,1.33,3,5,1,7,0,0,0,0,12,33.3,16:51,0
Conor Garland,20202021,ARI,R,R,11,4,8,12,6,8,1.09,3,9,1,3,0,0,0,0,44,9.1,17:10,33.3
Jakub Voracek,20202021,PHI,L,R,13,3,9,12,2,6,0.92,3,9,0,3,0,0,0,0,18,16.7,16:34,40
Nick Suzuki,20202021,MTL,R,C,12,3,9,12,6,8,1,2,7,1,4,0,1,0,0,22,13.6,18:19,39.8
Elias Lindholm,20202021,CGY,R,C,11,3,9,12,1,10,1.09,2,6,1,6,0,0,0,1,28,10.7,21:26,52.2
Cale Makar,20202021,COL,R,D,11,1,11,12,9,2,1.09,1,6,0,6,0,0,0,0,24,4.2,24:01,--
Christian Dvorak,20202021,ARI,L,C,11,6,5,11,1,6,1,3,7,3,4,0,0,0,2,24,25,18:34,51.6
Max Pacioretty,20202021,VGK,L,L,9,6,5,11,7,4,1.22,5,9,1,2,0,0,1,1,41,14.6,17:16,20
Kevin Hayes,20202021,PHI,L,C,13,6,5,11,4,2,0.85,5,9,1,2,0,0,1,1,32,18.8,18:47,49.6
Filip Forsberg,20202021,NSH,R,L,11,6,5,11,4,6,1,4,8,2,3,0,0,1,2,43,14,19:26,100
Brayden Schenn,20202021,STL,L,C,12,6,5,11,7,9,0.92,5,10,1,1,0,0,0,0,33,18.2,18:34,50.9
Ryan Nugent-Hopkins,20202021,EDM,L,C,13,5,6,11,-1,2,0.85,2,4,3,7,0,0,0,0,44,11.4,22:20,38.9
Mathew Barzal,20202021,NYI,R,C,10,4,7,11,3,24,1.1,4,8,0,3,0,0,0,0,25,16,20:17,56.9
John Carlson,20202021,WSH,R,D,12,4,7,11,-8,2,0.92,1,6,3,5,0,0,0,1,34,11.8,24:36,--
Oliver Bjorkstrand,20202021,CBJ,R,R,13,4,7,11,0,23,0.85,3,9,1,2,0,0,0,0,28,14.3,17:18,100
David Perron,20202021,STL,R,L,12,4,7,11,2,12,0.92,3,8,1,3,0,0,0,1,33,12.1,17:39,0
Aleksander Barkov,20202021,FLA,L,C,9,4,7,11,2,2,1.22,2,6,2,5,0,0,0,0,37,10.8,21:44,58
Dominik Kubalik,20202021,CHI,L,L,13,3,8,11,-1,10,0.85,0,2,3,9,0,0,0,0,40,7.5,15:31,0
Alexander Radulov,20202021,DAL,L,R,8,3,8,11,8,6,1.38,2,5,1,6,0,0,0,0,13,23.1,17:55,50
Blake Wheeler,20202021,WPG,R,R,11,3,8,11,-9,14,1,2,5,1,6,0,0,0,0,23,13,19:14,33.3
Jack Eichel,20202021,BUF,R,C,10,2,9,11,-6,2,1.1,1,4,1,7,0,0,0,1,39,5.1,21:22,54.5
Claude Giroux,20202021,PHI,R,C,13,1,10,11,4,6,0.85,1,6,0,5,0,0,0,0,18,5.6,18:36,56.5
Josh Anderson,20202021,MTL,R,R,12,8,2,10,6,10,0.83,7,9,0,0,1,1,0,3,37,21.6,14:14,0
Mikko Rantanen,20202021,COL,L,R,11,7,3,10,4,0,0.91,4,6,3,4,0,0,0,1,40,17.5,20:05,60
Andrei Svechnikov,20202021,CAR,L,R,9,6,4,10,2,8,1.11,4,7,2,3,0,0,0,0,30,20,17:39,0
Andrew Copp,20202021,WPG,L,C,11,4,6,10,4,4,0.91,3,9,1,1,0,0,0,0,34,11.8,19:44,46.9
Victor Olofsson,20202021,BUF,L,L,10,4,6,10,-6,0,1,1,2,3,8,0,0,0,0,30,13.3,17:56,--
Elias Pettersson,20202021,VAN,L,C,15,4,6,10,-3,4,0.67,2,7,2,3,0,0,0,1,35,11.4,18:25,46.5
Darnell Nurse,20202021,EDM,L,D,13,4,6,10,5,12,0.77,4,7,0,3,0,0,0,0,32,12.5,24:15,--
Steven Stamkos,20202021,TBL,R,C,9,4,6,10,4,4,1.11,1,6,3,4,0,0,0,1,28,14.3,18:52,61.3
Brayden Point,20202021,TBL,R,C,9,4,6,10,5,2,1.11,4,7,0,3,0,0,1,2,28,14.3,18:13,46.1
Victor Hedman,20202021,TBL,L,D,9,3,7,10,2,4,1.11,3,5,0,5,0,0,0,0,24,12.5,25:38,--
Jordan Greenway,20202021,MIN,L,L,11,2,8,10,8,16,0.91,2,10,0,0,0,0,0,0,16,12.5,15:52,57.1
John Klingberg,20202021,DAL,R,D,9,2,8,10,1,4,1.11,1,3,1,7,0,0,0,0,15,13.3,22:56,--
Tyson Barrie,20202021,EDM,R,D,13,1,9,10,-8,0,0.77,0,5,1,5,0,0,0,0,33,3,21:29,--
Charlie McAvoy,20202021,BOS,R,D,11,1,9,10,4,10,0.91,1,6,0,3,0,1,0,0,19,5.3,24:24,--
Morgan Rielly,20202021,TOR,L,D,12,1,9,10,-1,4,0.83,1,5,0,5,0,0,1,1,24,4.2,23:48,--
Jonathan Drouin,20202021,MTL,L,L,12,1,9,10,7,8,0.83,1,8,0,2,0,0,0,0,13,7.7,15:18,66.7
Carter Verhaeghe,20202021,FLA,L,C,9,6,3,9,4,4,1,6,9,0,0,0,0,0,2,18,33.3,17:58,62.5
Vincent Trocheck,20202021,CAR,R,C,9,6,3,9,2,2,1,4,5,2,4,0,0,0,1,32,18.8,18:26,57
Joel Eriksson Ek,20202021,MIN,L,C,11,5,4,9,8,2,0.82,5,8,0,1,0,0,0,1,31,16.1,17:09,43
Nick Schmaltz,20202021,ARI,R,C,11,5,4,9,2,2,0.82,4,6,1,3,0,0,0,1,27,18.5,16:12,46.9
Matthew Tkachuk,20202021,CGY,L,L,11,5,4,9,3,13,0.82,3,5,2,4,0,0,0,0,37,13.5,19:46,--
Adam Lowry,20202021,WPG,L,C,11,4,5,9,2,0,0.82,4,7,0,2,0,0,0,1,24,16.7,16:23,47.5
Denis Gurianov,20202021,DAL,L,R,9,4,5,9,-3,2,1,1,4,3,5,0,0,0,1,27,14.8,16:17,--
Dylan Larkin,20202021,DET,L,C,13,4,5,9,-4,13,0.69,4,6,0,3,0,0,0,0,40,10,20:46,52.1
Scott Laughton,20202021,PHI,L,C,13,4,5,9,6,10,0.69,4,9,0,0,0,0,1,1,17,23.5,15:10,40.8
Sidney Crosby,20202021,PIT,L,C,11,4,5,9,-4,6,0.82,2,5,2,4,0,0,2,2,28,14.3,20:28,56.5
Nick Ritchie,20202021,BOS,L,L,11,4,5,9,-3,4,0.82,0,2,4,7,0,0,0,0,25,16,15:46,0
Ryan O'Reilly,20202021,STL,L,C,12,3,6,9,4,6,0.75,3,7,0,2,0,0,0,1,31,9.7,20:54,61.2
Shea Theodore,20202021,VGK,L,D,9,3,6,9,7,2,1,3,7,0,2,0,0,0,0,34,8.8,22:39,--
Kirill Kaprizov,20202021,MIN,L,L,11,3,6,9,4,2,0.82,2,8,1,1,0,0,1,1,17,17.7,18:42,0
Jordan Staal,20202021,CAR,L,C,7,2,7,9,5,4,1.29,0,5,2,3,0,1,0,0,10,20,17:05,58.7
Sean Monahan,20202021,CGY,L,C,11,2,7,9,0,2,0.82,1,6,1,3,0,0,0,1,25,8,18:32,47.8
Jaden Schwartz,20202021,STL,L,L,12,2,7,9,11,8,0.75,2,8,0,1,0,0,0,0,21,9.5,18:43,50
Sebastian Aho,20202021,CAR,L,C,9,2,7,9,1,6,1,2,5,0,4,0,0,0,1,20,10,20:00,47.3
Samuel Girard,20202021,COL,L,D,11,1,8,9,4,8,0.82,1,4,0,5,0,0,0,0,18,5.6,21:39,--
Taylor Hall,20202021,BUF,L,L,10,1,8,9,-6,4,0.9,0,4,1,5,0,0,0,0,29,3.5,20:37,0
David Krejci,20202021,BOS,R,C,11,0,9,9,1,8,0.82,0,4,0,5,0,0,0,0,20,0,18:03,56.1
Travis Konecny,20202021,PHI,R,R,12,5,3,8,4,2,0.67,3,6,2,2,0,0,0,1,16,31.3,15:35,33.3
Brandon Saad,20202021,COL,L,L,11,5,3,8,-5,6,0.73,5,7,0,1,0,0,0,0,15,33.3,14:29,33.3
Logan Couture,20202021,SJS,L,C,10,5,3,8,0,2,0.8,4,6,1,2,0,0,0,0,26,19.2,20:05,48.1
Patric Hornqvist,20202021,FLA,R,R,9,5,3,8,-2,0,0.89,2,3,3,5,0,0,0,0,33,15.2,15:42,0
Miles Wood,20202021,NJD,L,L,9,5,3,8,7,11,0.89,4,7,1,1,0,0,0,1,24,20.8,14:14,--
Joonas Donskoi,20202021,COL,R,R,11,5,3,8,4,0,0.73,3,5,2,3,0,0,0,1,12,41.7,13:12,33.3
David Pastrnak,20202021,BOS,R,R,4,5,3,8,3,0,2,3,5,2,3,0,0,0,0,22,22.7,19:47,0
Tanner Pearson,20202021,VAN,L,L,15,4,4,8,-3,18,0.53,4,8,0,0,0,0,0,0,34,11.8,15:16,50
Jason Spezza,20202021,TOR,R,C,11,4,4,8,1,6,0.73,3,5,1,3,0,0,0,1,17,23.5,9:51,63.5
Dustin Brown,20202021,LAK,R,R,11,4,4,8,3,10,0.73,0,3,4,5,0,0,0,0,21,19.1,16:58,100
Kailer Yamamoto,20202021,EDM,R,R,13,4,4,8,5,12,0.62,4,7,0,0,0,1,0,0,20,20,16:08,0
Jake Guentzel,20202021,PIT,L,L,11,4,4,8,-6,8,0.73,3,6,1,2,0,0,0,1,30,13.3,20:33,0
Phil Kessel,20202021,ARI,R,R,11,4,4,8,-6,2,0.73,3,4,1,4,0,0,0,0,28,14.3,16:42,33.3
Mattias Janmark,20202021,CHI,L,C,13,4,4,8,-3,4,0.62,2,4,1,3,1,1,0,0,20,20,17:51,42.9
Dylan Strome,20202021,CHI,L,C,13,4,4,8,-3,4,0.62,1,2,3,6,0,0,0,0,25,16,17:33,46
Evander Kane,20202021,SJS,L,L,10,3,5,8,-3,20,0.8,1,4,1,3,1,1,0,0,26,11.5,18:43,56.3
Gabriel Landeskog,20202021,COL,L,L,11,3,5,8,1,8,0.73,3,7,0,1,0,0,1,2,32,9.4,20:20,64.2
Andre Burakovsky,20202021,COL,L,L,8,3,5,8,0,0,1,1,3,2,5,0,0,0,0,13,23.1,13:39,--
Jakob Chychrun,20202021,ARI,L,D,11,3,5,8,1,8,0.73,2,5,1,3,0,0,0,1,30,10,21:41,--
Pavel Buchnevich,20202021,NYR,L,R,10,3,5,8,-2,0,0.8,3,6,0,2,0,0,0,1,28,10.7,19:51,16.7
Jack Hughes,20202021,NJD,L,C,9,3,5,8,2,0,0.89,2,6,1,2,0,0,0,1,19,15.8,19:55,34.8
Alex Tuch,20202021,VGK,R,R,9,3,5,8,0,8,0.89,2,6,1,2,0,0,0,0,16,18.8,15:47,42.9
Jakub Vrana,20202021,WSH,L,L,11,3,5,8,3,4,0.73,3,6,0,2,0,0,0,1,21,14.3,15:44,100
Jonathan Marchessault,20202021,VGK,R,C,9,2,6,8,5,10,0.89,2,8,0,0,0,0,0,1,20,10,16:22,42.9
Bryan Rust,20202021,PIT,R,R,11,2,6,8,0,0,0.73,2,6,0,2,0,0,0,0,39,5.1,19:47,66.7
Anthony Cirelli,20202021,TBL,L,C,9,2,6,8,6,2,0.89,2,7,0,1,0,0,0,1,18,11.1,17:56,43.7
Ty Smith,20202021,NJD,L,D,9,2,6,8,4,8,0.89,1,6,1,2,0,0,0,0,15,13.3,16:53,--
Dougie Hamilton,20202021,CAR,R,D,9,1,7,8,5,13,0.89,1,4,0,4,0,0,0,1,24,4.2,22:05,--
Colton Parayko,20202021,STL,R,D,12,1,7,8,2,10,0.67,1,8,0,0,0,0,0,0,26,3.9,22:45,--
Torey Krug,20202021,STL,L,D,12,1,7,8,10,8,0.67,0,6,1,2,0,0,0,0,22,4.6,22:20,--
Neal Pionk,20202021,WPG,R,D,11,0,8,8,3,2,0.73,0,7,0,1,0,0,0,0,17,0,22:56,--
Jordan Eberle,20202021,NYI,R,R,10,5,2,7,0,2,0.7,4,5,1,2,0,0,0,1,28,17.9,17:31,100
Tyler Bertuzzi,20202021,DET,L,L,9,5,2,7,0,4,0.78,2,3,3,4,0,0,1,1,20,25,19:37,50
Brendan Gallagher,20202021,MTL,R,R,12,5,2,7,1,4,0.58,4,6,1,1,0,0,0,1,46,10.9,15:02,60
Adrian Kempe,20202021,LAK,L,C,11,4,3,7,-3,4,0.64,3,4,1,3,0,0,0,1,31,12.9,17:22,0
Anthony Mantha,20202021,DET,L,R,12,4,3,7,-8,4,0.58,3,6,1,1,0,0,0,0,30,13.3,17:57,50
Pius Suter,20202021,CHI,L,C,13,4,3,7,-5,0,0.54,3,5,1,2,0,0,0,1,25,16,14:22,41.8
Nick Foligno,20202021,CBJ,L,L,13,4,3,7,1,9,0.54,3,4,1,2,0,1,0,0,22,18.2,16:58,52.4
Mike Hoffman,20202021,STL,L,C,11,4,3,7,4,2,0.64,4,6,0,1,0,0,0,0,30,13.3,14:52,0
Bobby Ryan,20202021,DET,R,R,12,4,3,7,-3,17,0.58,4,6,0,1,0,0,0,0,24,16.7,16:19,28.6
Alexandre Texier,20202021,CBJ,L,C,13,4,3,7,-3,8,0.54,4,7,0,0,0,0,0,0,23,17.4,17:27,37
Tomas Tatar,20202021,MTL,L,L,12,3,4,7,0,6,0.58,2,5,1,2,0,0,0,1,19,15.8,15:07,42.9
Thomas Chabot,20202021,OTT,L,D,11,3,4,7,-3,18,0.64,2,5,1,2,0,0,0,0,28,10.7,24:47,--
Tomas Hertl,20202021,SJS,L,C,10,3,4,7,-6,4,0.7,1,3,2,4,0,0,0,0,16,18.8,19:16,51
Brady Tkachuk,20202021,OTT,L,L,12,3,4,7,-5,20,0.58,3,5,0,2,0,0,0,0,51,5.9,17:51,45
Nazem Kadri,20202021,COL,L,C,11,3,4,7,-6,8,0.64,1,4,2,3,0,0,0,1,33,9.1,16:54,56.7
Mikael Backlund,20202021,CGY,L,C,11,3,4,7,-2,8,0.64,3,5,0,2,0,0,0,0,27,11.1,17:05,49.2
Mason Appleton,20202021,WPG,R,C,11,3,4,7,6,4,0.64,3,6,0,0,0,1,0,0,20,15,12:50,54.6
Nils Hoglander,20202021,VAN,L,L,15,3,4,7,-2,4,0.47,3,7,0,0,0,0,0,1,25,12,14:17,--
Zach Hyman,20202021,TOR,R,L,12,3,4,7,7,12,0.58,1,4,2,3,0,0,0,0,31,9.7,19:42,30.4
Drew Doughty,20202021,LAK,R,D,11,3,4,7,-5,4,0.64,1,3,2,4,0,0,0,0,21,14.3,27:15,--
Shea Weber,20202021,MTL,R,D,12,2,5,7,3,8,0.58,0,1,2,6,0,0,0,1,20,10,23:55,--
Roope Hintz,20202021,DAL,L,L,7,2,5,7,-3,2,1,0,0,2,7,0,0,0,0,13,15.4,18:22,43.7
Viktor Arvidsson,20202021,NSH,R,R,11,2,5,7,3,8,0.64,1,5,1,2,0,0,0,0,39,5.1,17:40,14.3
Josh Norris,20202021,OTT,L,C,12,2,5,7,-4,2,0.58,0,2,2,5,0,0,0,0,23,8.7,15:51,48.8
Keith Yandle,20202021,FLA,L,D,9,2,5,7,0,12,0.78,1,1,1,6,0,0,0,0,19,10.5,17:30,--
Ivan Provorov,20202021,PHI,L,D,13,2,5,7,6,4,0.54,2,4,0,3,0,0,0,1,19,10.5,26:00,--
T.J. Oshie,20202021,WSH,R,R,11,2,5,7,-5,10,0.64,0,4,2,3,0,0,0,0,16,12.5,18:39,48.7
Jesperi Kotkaniemi,20202021,MTL,L,C,12,1,6,7,6,4,0.58,1,6,0,1,0,0,0,0,24,4.2,13:28,44.4
Adam Fox,20202021,NYR,R,D,10,1,6,7,3,4,0.7,0,2,1,5,0,0,0,0,22,4.6,24:29,--
Erik Gustafsson,20202021,PHI,L,D,11,0,7,7,1,0,0.64,0,4,0,3,0,0,0,0,11,0,17:34,--
Miro Heiskanen,20202021,DAL,L,D,9,0,7,7,2,2,0.78,0,5,0,2,0,0,0,0,9,0,22:53,--
Tyler Motte,20202021,VAN,L,C,15,5,1,6,-1,12,0.4,5,6,0,0,0,0,0,1,29,17.2,16:02,37.9
Patrik Laine,20202021,"WPG,CBJ",R,R,4,5,1,6,-1,8,1.5,4,4,1,2,0,0,1,1,9,55.6,18:37,50
Max Comtois,20202021,ANA,L,L,13,5,1,6,1,6,0.46,5,5,0,1,0,0,0,0,25,20,14:09,33.3
Ondrej Palat,20202021,TBL,L,L,9,4,2,6,2,4,0.67,2,4,2,2,0,0,0,0,15,26.7,17:03,--
Ryan Strome,20202021,NYR,R,C,10,4,2,6,4,2,0.6,4,5,0,0,0,1,0,1,23,17.4,19:29,40.5
Tim Stützle,20202021,OTT,L,L,9,4,2,6,-7,2,0.67,2,4,2,2,0,0,0,0,13,30.8,14:16,50
Anders Lee,20202021,NYI,L,L,10,4,2,6,2,4,0.6,1,3,3,3,0,0,0,1,34,11.8,18:37,52.5
Philipp Kurashev,20202021,CHI,L,C,12,4,2,6,-3,2,0.5,3,4,1,2,0,0,0,0,17,23.5,12:42,46.9
Ryan Donato,20202021,SJS,L,C,10,3,3,6,-6,4,0.6,2,4,1,2,0,0,0,0,20,15,15:06,45.5
Mikael Granlund,20202021,NSH,L,C,8,3,3,6,2,0,0.75,3,6,0,0,0,0,0,0,20,15,20:47,58.8
William Karlsson,20202021,VGK,L,C,9,3,3,6,3,0,0.67,3,5,0,1,0,0,0,1,20,15,18:36,54
Jamie Benn,20202021,DAL,L,L,5,3,3,6,5,9,1.2,3,6,0,0,0,0,0,0,14,21.4,15:49,47.2
Boone Jenner,20202021,CBJ,L,C,13,3,3,6,-6,2,0.46,3,6,0,0,0,0,0,0,21,14.3,16:58,57.3
Aaron Ekblad,20202021,FLA,R,D,9,3,3,6,-1,13,0.67,1,2,2,4,0,0,0,0,25,12,25:01,--
Brent Burns,20202021,SJS,R,D,10,3,3,6,-4,8,0.6,2,4,1,2,0,0,0,1,30,10,27:32,--
Clayton Keller,20202021,ARI,L,R,11,3,3,6,4,8,0.55,2,5,1,1,0,0,0,1,26,11.5,16:17,20
Sam Reinhart,20202021,BUF,R,R,8,3,3,6,-7,0,0.75,1,3,2,3,0,0,0,1,19,15.8,20:41,50
Rasmus Ristolainen,20202021,BUF,R,D,10,2,4,6,2,6,0.6,1,2,1,4,0,0,0,0,20,10,23:34,--
Blake Coleman,20202021,TBL,L,C,8,2,4,6,5,4,0.75,2,6,0,0,0,0,0,1,21,9.5,15:14,--
Barclay Goodrow,20202021,TBL,L,C,9,2,4,6,6,6,0.67,2,6,0,0,0,0,0,1,12,16.7,15:17,30
Jonas Brodin,20202021,MIN,L,D,11,2,4,6,2,8,0.55,2,6,0,0,0,0,1,1,21,9.5,23:11,--
Roman Josi,20202021,NSH,L,D,11,2,4,6,-1,2,0.55,2,5,0,1,0,0,1,1,40,5,25:09,--
Eric Robinson,20202021,CBJ,L,L,13,2,4,6,3,0,0.46,2,6,0,0,0,0,0,1,20,10,11:21,--
Alex Killorn,20202021,TBL,L,L,9,2,4,6,5,6,0.67,2,5,0,1,0,0,0,0,20,10,19:21,0
Justin Schultz,20202021,WSH,R,D,8,2,4,6,9,0,0.75,2,3,0,3,0,0,0,1,14,14.3,18:45,--
Teddy Blueger,20202021,PIT,L,C,11,2,4,6,-1,2,0.55,1,5,0,0,1,1,0,0,9,22.2,12:55,49.4
Kasperi Kapanen,20202021,PIT,R,R,8,2,4,6,4,5,0.75,2,6,0,0,0,0,0,0,11,18.2,15:24,--
Alex Iafallo,20202021,LAK,L,L,11,2,4,6,0,0,0.55,1,4,1,2,0,0,0,0,31,6.5,20:30,--
Paul Stastny,20202021,WPG,L,C,11,2,4,6,5,4,0.55,1,5,1,1,0,0,0,1,17,11.8,17:34,51.5
Evgeni Malkin,20202021,PIT,L,C,11,2,4,6,-2,0,0.55,1,5,1,1,0,0,0,0,22,9.1,19:09,50.9
Robert Thomas,20202021,STL,R,C,12,1,5,6,3,4,0.5,1,6,0,0,0,0,0,0,7,14.3,13:11,41.1
Jack Roslovic,20202021,CBJ,R,C,6,1,5,6,2,0,1,1,4,0,2,0,0,0,0,7,14.3,15:37,40
Noah Dobson,20202021,NYI,R,D,10,1,5,6,0,2,0.6,1,3,0,3,0,0,0,0,17,5.9,18:33,--
Drake Batherson,20202021,OTT,R,R,12,1,5,6,-6,4,0.5,0,1,1,5,0,0,0,0,30,3.3,17:00,66.7
Tyler Myers,20202021,VAN,R,D,15,1,5,6,0,31,0.4,0,5,0,0,1,1,0,0,25,4,22:24,--
Jeff Carter,20202021,LAK,R,C,11,1,5,6,-6,4,0.55,1,5,0,1,0,0,0,0,35,2.9,17:06,37.8
Jake Muzzin,20202021,TOR,L,D,12,1,5,6,5,10,0.5,1,5,0,1,0,0,0,0,24,4.2,21:44,--
Anthony Duclair,20202021,FLA,L,L,9,0,6,6,4,2,0.67,0,6,0,0,0,0,0,0,26,0,17:09,--
Carter Rowney,20202021,ANA,R,C,13,0,6,6,1,0,0.46,0,6,0,0,0,0,0,0,6,0,14:58,50
Ryan Suter,20202021,MIN,L,D,11,0,6,6,-3,2,0.55,0,5,0,1,0,0,0,0,22,0,22:43,--
Alec Martinez,20202021,VGK,L,D,9,0,6,6,7,4,0.67,0,5,0,1,0,0,0,0,12,0,23:07,--
Filip Hronek,20202021,DET,R,D,13,0,6,6,-5,4,0.46,0,3,0,3,0,0,0,0,28,0,24:03,--
Wayne Simmonds,20202021,TOR,R,R,12,5,0,5,-4,22,0.42,2,2,3,3,0,0,0,0,20,25,11:03,50
Nino Niederreiter,20202021,CAR,L,R,9,4,1,5,5,9,0.56,4,5,0,0,0,0,0,1,26,15.4,16:01,--
Nicolas Deslauriers,20202021,ANA,L,L,13,3,2,5,1,5,0.38,3,5,0,0,0,0,0,1,18,16.7,11:34,--
Devon Toews,20202021,COL,L,D,8,3,2,5,2,2,0.63,1,2,2,3,0,0,0,0,14,21.4,22:12,--
Austin Watson,20202021,OTT,R,L,12,3,2,5,-3,18,0.42,3,5,0,0,0,0,0,0,15,20,11:09,18.8
Eric Staal,20202021,BUF,L,C,10,3,2,5,-4,4,0.5,2,3,1,2,0,0,0,0,18,16.7,15:01,55.3
Jesse Puljujarvi,20202021,EDM,R,R,13,3,2,5,-5,6,0.38,3,4,0,1,0,0,0,0,34,8.8,14:13,0
Chris Tierney,20202021,OTT,L,C,12,3,2,5,-2,4,0.42,3,5,0,0,0,0,0,1,12,25,15:38,49
Jason Zucker,20202021,PIT,L,L,11,3,2,5,-1,4,0.45,3,5,0,0,0,0,0,0,19,15.8,17:03,50
Craig Smith,20202021,BOS,R,C,10,3,2,5,1,6,0.5,3,5,0,0,0,0,1,2,30,10,15:08,75
Chandler Stephenson,20202021,VGK,L,C,9,3,2,5,6,2,0.56,2,4,1,1,0,0,0,2,10,30,16:12,50.4
Milan Lucic,20202021,CGY,L,L,11,3,2,5,-1,10,0.45,3,5,0,0,0,0,0,0,16,18.8,11:20,60
Yanni Gourde,20202021,TBL,L,C,9,3,2,5,4,5,0.56,3,5,0,0,0,0,0,0,18,16.7,15:55,52.8
Jakob Silfverberg,20202021,ANA,R,R,13,3,2,5,-7,6,0.38,2,4,1,1,0,0,0,0,28,10.7,16:25,28.6
Vince Dunn,20202021,STL,L,D,11,3,2,5,-2,6,0.45,2,4,1,1,0,0,0,0,14,21.4,17:44,--
Andreas Athanasiou,20202021,LAK,L,C,7,3,2,5,0,0,0.71,3,4,0,1,0,0,0,0,7,42.9,13:25,100
Zach Parise,20202021,MIN,L,L,11,2,3,5,-3,4,0.45,2,3,0,2,0,0,0,1,31,6.5,17:58,43.3
Rasmus Andersson,20202021,CGY,R,D,11,2,3,5,-2,6,0.45,1,2,1,3,0,0,0,0,21,9.5,21:05,--
Andrew Mangiapane,20202021,CGY,L,L,11,2,3,5,1,6,0.45,2,4,0,1,0,0,0,0,14,14.3,15:46,16.7
Hampus Lindholm,20202021,ANA,L,D,13,2,3,5,-1,12,0.38,2,4,0,1,0,0,0,0,22,9.1,22:52,--
Max Domi,20202021,CBJ,L,C,13,2,3,5,-3,11,0.38,1,4,1,1,0,0,0,0,26,7.7,15:48,48.9
Nick Paul,20202021,OTT,L,L,12,2,3,5,3,4,0.42,2,5,0,0,0,0,0,0,23,8.7,15:03,58.9
Cam Atkinson,20202021,CBJ,R,R,13,2,3,5,-6,2,0.38,1,2,0,2,1,1,0,1,29,6.9,17:30,0
Dillon Dube,20202021,CGY,L,C,8,2,3,5,1,4,0.63,0,3,2,2,0,0,0,0,14,14.3,13:32,60
Jared McCann,20202021,PIT,L,C,11,2,3,5,2,2,0.45,1,4,1,1,0,0,0,0,17,11.8,11:55,35
Joel Armia,20202021,MTL,R,R,5,2,3,5,6,2,1,1,3,0,0,1,2,0,0,7,28.6,12:39,0
Mikhail Grigorenko,20202021,CBJ,L,C,12,2,3,5,-2,2,0.42,2,5,0,0,0,0,0,0,13,15.4,13:34,33.3
Garnet Hathaway,20202021,WSH,R,R,12,2,3,5,4,8,0.42,2,5,0,0,0,0,0,0,14,14.3,13:09,57.1
Nolan Patrick,20202021,PHI,R,C,13,2,3,5,-4,8,0.38,1,4,1,1,0,0,0,0,11,18.2,14:51,54
Matt Duchene,20202021,NSH,L,C,11,2,3,5,-5,2,0.45,1,3,1,2,0,0,0,0,27,7.4,17:15,50.8
Michael Raffl,20202021,PHI,L,L,13,2,3,5,2,6,0.38,2,5,0,0,0,0,0,2,12,16.7,13:18,41.7
Connor Murphy,20202021,CHI,R,D,13,2,3,5,-1,2,0.38,2,4,0,0,0,1,0,1,22,9.1,22:45,--
Derek Forbort,20202021,WPG,L,D,11,1,4,5,5,10,0.45,1,5,0,0,0,0,0,0,17,5.9,21:07,--
Brett Pesce,20202021,CAR,R,D,9,1,4,5,1,2,0.56,1,5,0,0,0,0,0,0,17,5.9,22:06,--
Jordan Oesterle,20202021,ARI,L,D,11,1,4,5,0,4,0.45,0,3,1,2,0,0,0,0,8,12.5,20:00,--
Derick Brassard,20202021,ARI,L,C,11,1,4,5,1,0,0.45,1,4,0,1,0,0,0,0,11,9.1,15:52,47.1
Brenden Dillon,20202021,WSH,L,D,12,1,4,5,1,16,0.42,1,5,0,0,0,0,0,0,9,11.1,19:12,--
Travis Sanheim,20202021,PHI,L,D,12,1,4,5,3,4,0.42,1,5,0,0,0,0,0,0,11,9.1,21:55,--
Ryan Ellis,20202021,NSH,R,D,11,1,4,5,-1,0,0.45,0,3,1,2,0,0,0,0,29,3.5,24:48,--
Nick Cousins,20202021,NSH,L,C,11,1,4,5,-1,12,0.45,1,3,0,2,0,0,0,0,13,7.7,14:31,57.1
Mark Giordano,20202021,CGY,L,D,11,1,4,5,-2,4,0.45,0,2,1,3,0,0,0,0,23,4.4,21:32,--
Jay Beagle,20202021,VAN,R,C,15,1,4,5,2,4,0.33,1,5,0,0,0,0,0,0,10,10,14:02,55.7
Nick Leddy,20202021,NYI,L,D,10,1,4,5,-6,0,0.5,0,2,1,3,0,0,0,0,20,5,20:41,--
Kevin Labanc,20202021,SJS,R,R,10,1,4,5,-2,6,0.5,1,5,0,0,0,0,0,0,25,4,16:00,--
Connor Brown,20202021,OTT,R,R,12,1,4,5,-2,4,0.42,1,5,0,0,0,0,0,1,24,4.2,18:28,28.6
Pierre-Olivier Joseph,20202021,PIT,L,D,7,1,4,5,5,2,0.71,1,5,0,0,0,0,0,0,13,7.7,18:40,--
Timo Meier,20202021,SJS,L,R,10,1,4,5,-4,2,0.5,1,2,0,3,0,0,0,0,30,3.3,14:52,66.7
Seth Jones,20202021,CBJ,R,D,13,1,4,5,-9,10,0.38,0,3,1,2,0,0,0,0,23,4.4,25:02,--
Mathieu Perreault,20202021,WPG,L,L,11,1,4,5,5,2,0.45,1,5,0,0,0,0,0,0,10,10,12:02,33.3
Martin Necas,20202021,CAR,R,C,8,1,4,5,6,2,0.63,1,3,0,2,0,0,1,1,20,5,17:53,37.5
Ryan Getzlaf,20202021,ANA,R,C,11,0,5,5,-2,9,0.45,0,4,0,1,0,0,0,0,14,0,16:28,49
Justin Holl,20202021,TOR,R,D,12,0,5,5,5,4,0.42,0,5,0,0,0,0,0,0,9,0,21:47,--
Mikhail Sergachev,20202021,TBL,L,D,9,0,5,5,7,8,0.56,0,4,0,1,0,0,0,0,14,0,21:46,--
Phillip Di Giuseppe,20202021,NYR,L,L,9,0,5,5,3,2,0.56,0,5,0,0,0,0,0,0,19,0,11:31,0
Drake Caggiula,20202021,ARI,L,C,11,0,5,5,1,10,0.45,0,5,0,0,0,0,0,0,17,0,12:43,33.3
Duncan Keith,20202021,CHI,L,D,13,0,5,5,-2,12,0.38,0,2,0,3,0,0,0,0,27,0,24:07,--
Phillip Danault,20202021,MTL,L,C,12,0,5,5,3,6,0.42,0,4,0,0,0,1,0,0,14,0,16:06,53.2
Nikita Zaitsev,20202021,OTT,R,D,12,0,5,5,-1,2,0.42,0,5,0,0,0,0,0,0,16,0,21:11,--
Chris Kreider,20202021,NYR,L,L,10,4,0,4,-5,8,0.4,2,2,2,2,0,0,0,1,22,18.2,17:20,22.2
Brandon Sutter,20202021,VAN,R,C,15,4,0,4,-1,0,0.27,3,3,0,0,1,1,0,0,26,15.4,14:13,51.1
Michael McLeod,20202021,NJD,R,C,9,3,1,4,4,2,0.44,3,4,0,0,0,0,0,1,10,30,13:15,43.6
Matt Dumba,20202021,MIN,R,D,9,3,1,4,-2,8,0.44,3,4,0,0,0,0,0,0,25,12,21:24,--
Brandon Tanev,20202021,PIT,L,L,11,3,1,4,-2,2,0.36,3,4,0,0,0,0,0,0,15,20,13:29,50
Reilly Smith,20202021,VGK,L,R,9,3,1,4,5,0,0.44,2,3,0,0,1,1,0,0,21,14.3,17:12,0
Gabriel Vilardi,20202021,LAK,R,C,11,3,1,4,-3,2,0.36,2,3,1,1,0,0,0,0,10,30,14:30,47.2
Vladislav Namestnikov,20202021,DET,L,C,13,3,1,4,-5,4,0.31,3,4,0,0,0,0,0,0,28,10.7,15:59,44.8
Danton Heinen,20202021,ANA,L,L,13,3,1,4,-2,0,0.31,2,3,1,1,0,0,0,1,28,10.7,14:10,0
Curtis Lazar,20202021,BUF,R,C,10,3,1,4,1,0,0.4,3,4,0,0,0,0,0,0,11,27.3,12:09,46.9
Matt Nieto,20202021,SJS,L,L,10,3,1,4,-1,2,0.4,3,4,0,0,0,0,0,0,18,16.7,13:32,0
Justin Faulk,20202021,STL,R,D,12,3,1,4,10,7,0.33,3,4,0,0,0,0,0,0,30,10,23:39,--
Oskar Lindblom,20202021,PHI,L,L,13,2,2,4,-1,0,0.31,2,4,0,0,0,0,0,0,19,10.5,15:17,--
Pavel Zacha,20202021,NJD,L,C,9,2,2,4,-1,2,0.44,2,3,0,1,0,0,0,0,19,10.5,16:47,46.5
Jason Dickinson,20202021,DAL,L,C,9,2,2,4,-2,4,0.44,2,3,0,1,0,0,1,1,11,18.2,16:42,51.5
Andrew Shaw,20202021,CHI,R,R,13,2,2,4,-5,6,0.31,0,0,2,4,0,0,0,0,25,8,15:08,54
Sean Couturier,20202021,PHI,L,C,3,2,2,4,5,0,1.33,2,4,0,0,0,0,0,1,3,66.7,12:02,47.8
Ryan Dzingel,20202021,CAR,L,C,9,2,2,4,-1,2,0.44,0,2,2,2,0,0,0,0,8,25,12:59,0
Brock Nelson,20202021,NYI,L,C,10,2,2,4,-4,6,0.4,0,2,2,2,0,0,0,1,17,11.8,17:43,48.7
Colin White,20202021,OTT,R,C,8,2,2,4,-4,4,0.5,1,2,1,2,0,0,0,0,16,12.5,14:29,43.1
Artturi Lehkonen,20202021,MTL,L,L,12,2,2,4,2,2,0.33,0,2,0,0,2,2,0,0,22,9.1,13:26,60
Cody Glass,20202021,VGK,R,C,5,2,2,4,0,0,0.8,0,2,2,2,0,0,0,0,8,25,13:46,45.2
Adam Larsson,20202021,EDM,R,D,13,2,2,4,-2,10,0.31,2,4,0,0,0,0,0,0,14,14.3,17:34,--
Charlie Coyle,20202021,BOS,R,C,11,2,2,4,-3,4,0.36,2,4,0,0,0,0,0,0,17,11.8,16:51,46.5
Zdeno Chara,20202021,WSH,L,D,12,2,2,4,6,8,0.33,2,4,0,0,0,0,0,0,22,9.1,20:24,--
Tyler Pitlick,20202021,ARI,R,C,11,2,2,4,3,8,0.36,1,3,0,0,1,1,0,0,14,14.3,16:05,60
Dominik Kahun,20202021,EDM,L,C,13,2,2,4,4,0,0.31,2,4,0,0,0,0,0,0,23,8.7,14:04,57.1
Nic Dowd,20202021,WSH,R,C,12,2,2,4,2,14,0.33,2,4,0,0,0,0,0,0,12,16.7,15:14,48.4
K'Andre Miller,20202021,NYR,L,D,10,1,3,4,7,4,0.4,1,3,0,0,0,1,0,0,11,9.1,18:57,--
Ryan McDonagh,20202021,TBL,L,D,9,1,3,4,3,4,0.44,1,4,0,0,0,0,0,0,19,5.3,22:38,--
Alex Pietrangelo,20202021,VGK,R,D,7,1,3,4,2,0,0.57,1,3,0,1,0,0,0,0,20,5,25:37,--
Travis Boyd,20202021,TOR,R,C,4,1,3,4,4,0,1,1,4,0,0,0,0,0,0,2,50,9:06,22.2
Alexander Kerfoot,20202021,TOR,L,C,12,1,3,4,-1,10,0.33,1,3,0,1,0,0,0,0,18,5.6,14:47,43.2
Givani Smith,20202021,DET,L,R,6,1,3,4,1,9,0.67,1,4,0,0,0,0,0,1,7,14.3,10:13,--
Nicolas Hague,20202021,VGK,L,D,6,1,3,4,5,2,0.67,1,4,0,0,0,0,0,0,10,10,15:43,--
Jean-Gabriel Pageau,20202021,NYI,R,C,10,1,3,4,0,2,0.4,1,2,0,2,0,0,0,1,10,10,16:54,57.5
Nathan Bastian,20202021,NJD,R,R,9,1,3,4,4,2,0.44,1,4,0,0,0,0,0,0,12,8.3,12:46,33.3
Damon Severson,20202021,NJD,R,D,9,1,3,4,2,8,0.44,1,4,0,0,0,0,0,0,23,4.4,23:44,--
Zach Werenski,20202021,CBJ,L,D,12,1,3,4,-8,9,0.33,1,2,0,2,0,0,0,0,29,3.5,24:09,--
Derek Stepan,20202021,OTT,R,C,11,1,3,4,-7,6,0.36,1,2,0,2,0,0,0,0,23,4.4,15:53,50
Dean Kukan,20202021,CBJ,L,D,13,1,3,4,5,2,0.31,1,4,0,0,0,0,0,0,11,9.1,14:10,--
Rickard Rakell,20202021,ANA,R,L,13,1,3,4,-5,2,0.31,1,4,0,0,0,0,0,1,43,2.3,18:19,0
Nicolas Aube-Kubel,20202021,PHI,R,R,13,1,3,4,-1,19,0.31,1,4,0,0,0,0,0,0,8,12.5,11:15,--
Tyler Johnson,20202021,TBL,R,C,8,1,3,4,1,0,0.5,0,3,1,1,0,0,0,0,16,6.3,15:17,59.6
TJ Brodie,20202021,TOR,L,D,12,0,4,4,1,0,0.33,0,2,0,2,0,0,0,0,13,0,21:56,--
David Savard,20202021,CBJ,R,D,13,0,4,4,-4,4,0.31,0,3,0,0,0,1,0,0,12,0,19:38,--
Derek Grant,20202021,ANA,L,C,10,0,4,4,2,4,0.4,0,4,0,0,0,0,0,0,15,0,15:28,51.3
Alexander Edler,20202021,VAN,L,D,14,0,4,4,-2,18,0.29,0,4,0,0,0,0,0,0,23,0,19:32,--
Trevor Moore,20202021,LAK,L,C,11,0,4,4,-3,4,0.36,0,4,0,0,0,0,0,0,13,0,12:14,50
Josh Morrissey,20202021,WPG,L,D,11,0,4,4,-3,2,0.36,0,2,0,2,0,0,0,0,17,0,23:52,--
Ryan Johansen,20202021,NSH,R,C,10,0,4,4,0,4,0.4,0,0,0,4,0,0,0,0,16,0,17:48,56.1
Erik Haula,20202021,NSH,L,L,11,0,4,4,-1,6,0.36,0,3,0,1,0,0,0,0,12,0,15:16,52.3
Mario Ferraro,20202021,SJS,L,D,10,0,4,4,-1,2,0.4,0,3,0,1,0,0,0,0,18,0,22:38,--
Mike Reilly,20202021,OTT,L,D,11,0,4,4,-11,4,0.36,0,2,0,2,0,0,0,0,21,0,17:12,--
Michael Del Zotto,20202021,CBJ,L,D,13,0,4,4,9,0,0.31,0,4,0,0,0,0,0,0,24,0,15:32,--
Kris Letang,20202021,PIT,R,D,10,0,4,4,1,6,0.4,0,3,0,1,0,0,0,0,21,0,24:30,--
Tobias Rieder,20202021,BUF,L,L,10,3,0,3,-1,0,0.3,3,3,0,0,0,0,0,0,16,18.8,13:25,0
Kevin Fiala,20202021,MIN,L,L,8,3,0,3,-2,23,0.38,2,2,1,1,0,0,0,0,30,10,17:31,66.7
Victor Rask,20202021,MIN,L,C,11,3,0,3,0,0,0.27,3,3,0,0,0,0,0,0,7,42.9,10:33,36.4
Brock McGinn,20202021,CAR,L,L,9,3,0,3,0,4,0.33,2,2,0,0,1,1,0,0,16,18.8,15:31,20
Nick Bjugstad,20202021,MIN,R,C,11,2,1,3,1,8,0.27,2,3,0,0,0,0,0,1,24,8.3,12:53,45.5
Adam Henrique,20202021,ANA,L,C,12,2,1,3,-4,4,0.25,2,3,0,0,0,0,0,0,17,11.8,16:44,56.6
Kevin Rooney,20202021,NYR,L,C,8,2,1,3,4,7,0.38,1,2,0,0,1,1,0,0,9,22.2,9:34,34.9
Filip Chytil,20202021,NYR,L,C,5,2,1,3,3,0,0.6,2,3,0,0,0,0,0,0,12,16.7,12:57,37.2
Kaapo Kakko,20202021,NYR,L,R,9,2,1,3,2,4,0.33,2,3,0,0,0,0,0,0,15,13.3,13:24,25
Mathieu Joseph,20202021,TBL,L,R,9,2,1,3,3,2,0.33,2,3,0,0,0,0,0,1,10,20,10:10,34.4
Conor Sheary,20202021,WSH,L,L,9,2,1,3,-2,4,0.33,2,3,0,0,0,0,0,0,5,40,10:47,33.3
Daniel Sprong,20202021,WSH,R,R,10,2,1,3,-1,0,0.3,2,3,0,0,0,0,0,0,13,15.4,9:00,25
Andrew Cogliano,20202021,DAL,L,C,9,2,1,3,2,4,0.33,2,3,0,0,0,0,0,0,15,13.3,13:13,0
Brandon Carlo,20202021,BOS,R,D,11,2,1,3,5,6,0.27,2,3,0,0,0,0,0,1,12,16.7,19:04,--
Sean Kuraly,20202021,BOS,L,C,11,2,1,3,2,8,0.27,2,3,0,0,0,0,0,2,19,10.5,13:42,59.2
Marcus Johansson,20202021,MIN,L,C,9,2,1,3,0,4,0.33,2,3,0,0,0,0,1,1,9,22.2,15:48,30
James Neal,20202021,EDM,L,L,7,2,1,3,-3,0,0.43,1,2,1,1,0,0,0,0,17,11.8,13:03,33.3
Andreas Johnsson,20202021,NJD,L,L,9,2,1,3,3,6,0.33,2,3,0,0,0,0,0,0,8,25,13:56,50
Warren Foegele,20202021,CAR,L,L,6,2,1,3,1,6,0.5,2,3,0,0,0,0,0,0,12,16.7,13:12,0
Oskar Sundqvist,20202021,STL,R,C,12,2,1,3,0,6,0.25,2,3,0,0,0,0,0,0,14,14.3,14:33,44.9
Eetu Luostarinen,20202021,FLA,L,C,9,2,1,3,-2,2,0.33,2,3,0,0,0,0,0,1,10,20,15:22,50.4
Jimmy Vesey,20202021,TOR,L,L,12,2,1,3,0,2,0.25,2,3,0,0,0,0,0,0,16,12.5,13:00,0
Dylan Cozens,20202021,BUF,R,C,9,2,1,3,1,0,0.33,1,2,1,1,0,0,0,0,9,22.2,12:51,56.3
Valeri Nichushkin,20202021,COL,L,R,11,2,1,3,-1,0,0.27,1,2,0,0,1,1,0,2,10,20,12:59,--
Colin Blackwell,20202021,NYR,R,C,4,1,2,3,2,2,0.75,1,3,0,0,0,0,0,0,4,25,10:07,50
Lars Eller,20202021,WSH,L,C,8,1,2,3,-5,4,0.38,1,2,0,1,0,0,0,0,11,9.1,16:31,54.6
Marcus Foligno,20202021,MIN,L,L,9,1,2,3,4,9,0.33,1,3,0,0,0,0,0,0,9,11.1,14:42,40
Richard Panik,20202021,WSH,L,R,12,1,2,3,-8,8,0.25,0,2,1,1,0,0,0,0,22,4.6,12:56,0
Zack Kassian,20202021,EDM,R,R,12,1,2,3,-3,4,0.25,1,3,0,0,0,0,0,0,12,8.3,13:26,0
Kyle Turris,20202021,EDM,R,C,13,1,2,3,-10,8,0.23,1,3,0,0,0,0,0,0,14,7.1,13:23,49.4
Ryan Hartman,20202021,MIN,R,R,11,1,2,3,-3,4,0.27,0,2,0,0,1,1,0,0,16,6.3,12:06,42.2
Christopher Tanev,20202021,CGY,R,D,11,1,2,3,5,0,0.27,1,3,0,0,0,0,0,0,13,7.7,20:34,--
Marc Staal,20202021,DET,L,D,13,1,2,3,-5,6,0.23,1,3,0,0,0,0,0,0,14,7.1,18:17,--
Cam Fowler,20202021,ANA,L,D,13,1,2,3,-3,2,0.23,1,2,0,1,0,0,0,0,21,4.8,21:47,--
Evgeny Kuznetsov,20202021,WSH,L,C,4,1,2,3,1,4,0.75,1,2,0,1,0,0,0,0,11,9.1,15:32,41.3
Austin Wagner,20202021,LAK,L,L,7,1,2,3,-4,4,0.43,1,3,0,0,0,0,0,0,16,6.3,10:53,--
Mika Zibanejad,20202021,NYR,R,C,10,1,2,3,-4,8,0.3,0,2,1,1,0,0,0,0,32,3.1,20:26,44.3
Corey Perry,20202021,MTL,R,R,7,1,2,3,2,9,0.43,1,2,0,1,0,0,0,0,11,9.1,13:19,0
Ben Chiarot,20202021,MTL,L,D,12,1,2,3,3,26,0.25,0,2,1,1,0,0,0,0,28,3.6,22:11,--
Joel Edmundson,20202021,MTL,L,D,12,1,2,3,14,7,0.25,1,3,0,0,0,0,0,0,12,8.3,18:15,--
Evgenii Dadonov,20202021,OTT,L,R,12,1,2,3,-6,0,0.25,1,2,0,1,0,0,0,0,22,4.6,16:54,0
Colin Miller,20202021,BUF,R,D,10,1,2,3,-7,4,0.3,0,1,1,2,0,0,0,0,13,7.7,17:10,--
Sammy Blais,20202021,STL,L,L,7,1,2,3,3,6,0.43,1,3,0,0,0,0,0,1,4,25,10:32,--
Rasmus Dahlin,20202021,BUF,L,D,10,1,2,3,-9,4,0.3,0,0,1,3,0,0,0,0,32,3.1,19:49,--
Alex Wennberg,20202021,FLA,L,C,9,1,2,3,0,0,0.33,1,3,0,0,0,0,0,0,12,8.3,16:37,48.2
Jake McCabe,20202021,BUF,L,D,10,1,2,3,2,9,0.3,1,3,0,0,0,0,0,0,12,8.3,19:19,--
Janne Kuokkanen,20202021,NJD,L,L,9,1,2,3,2,6,0.33,1,3,0,0,0,0,0,0,5,20,11:55,0
Vladislav Gavrikov,20202021,CBJ,L,D,13,1,2,3,-1,2,0.23,1,3,0,0,0,0,0,1,12,8.3,19:07,--
Nate Schmidt,20202021,VAN,L,D,15,1,2,3,3,0,0.2,1,3,0,0,0,0,0,0,25,4,21:19,--
Antoine Roussel,20202021,VAN,L,L,14,1,2,3,4,27,0.21,1,2,0,0,0,1,0,0,10,10,11:56,0
Mark Jankowski,20202021,PIT,L,C,11,1,2,3,-2,0,0.27,1,3,0,0,0,0,0,0,11,9.1,11:54,46.6
Cody Ceci,20202021,PIT,R,D,8,1,2,3,0,6,0.38,1,3,0,0,0,0,0,0,8,12.5,19:10,--
Cal Clutterbuck,20202021,NYI,R,R,10,1,2,3,-3,0,0.3,1,3,0,0,0,0,0,0,10,10,13:43,--
Josh Bailey,20202021,NYI,L,R,10,1,2,3,-2,2,0.3,1,2,0,1,0,0,0,0,20,5,17:37,71.4
Kyle Palmieri,20202021,NJD,R,R,8,0,3,3,1,4,0.38,0,1,0,2,0,0,0,0,21,0,18:36,20
Mikko Lehtonen,20202021,TOR,L,D,5,0,3,3,2,2,0.6,0,2,0,1,0,0,0,0,1,0,10:19,--
P.K. Subban,20202021,NJD,R,D,9,0,3,3,-5,10,0.33,0,2,0,1,0,0,0,0,27,0,24:03,--
Philippe Myers,20202021,PHI,R,D,8,0,3,3,3,4,0.38,0,3,0,0,0,0,0,0,11,0,19:20,--
Brett Kulak,20202021,MTL,L,D,11,0,3,3,4,14,0.27,0,3,0,0,0,0,0,0,14,0,13:41,--
Paul Byron,20202021,MTL,L,L,12,0,3,3,2,2,0.25,0,3,0,0,0,0,0,0,10,0,12:34,0
Lucas Wallmark,20202021,CHI,L,C,5,0,3,3,0,2,0.6,0,0,0,2,0,1,0,0,3,0,15:30,42.2
Noah Hanifin,20202021,CGY,L,D,11,0,3,3,5,6,0.27,0,3,0,0,0,0,0,0,19,0,18:57,--
Matt Roy,20202021,LAK,R,D,8,0,3,3,2,2,0.38,0,3,0,0,0,0,0,0,14,0,18:35,--
Adam Boqvist,20202021,CHI,R,D,6,0,3,3,-1,4,0.5,0,1,0,2,0,0,0,0,5,0,15:59,--
Filip Zadina,20202021,DET,L,R,6,0,3,3,2,0,0.5,0,3,0,0,0,0,0,0,6,0,14:58,--
Oliver Ekman-Larsson,20202021,ARI,L,D,2,0,3,3,1,2,1.5,0,2,0,1,0,0,0,0,4,0,19:22,--
Markus Nutivaara,20202021,FLA,L,D,4,0,3,3,-1,2,0.75,0,3,0,0,0,0,0,0,1,0,15:10,--
Mattias Ekholm,20202021,NSH,L,D,11,0,3,3,0,0,0.27,0,3,0,0,0,0,0,0,24,0,21:45,--
Troy Stecher,20202021,DET,R,D,13,0,3,3,-3,2,0.23,0,3,0,0,0,0,0,0,15,0,18:36,--
Juuso Valimaki,20202021,CGY,L,D,11,0,3,3,-3,4,0.27,0,3,0,0,0,0,0,0,14,0,16:13,--
Matt Grzelcyk,20202021,BOS,L,D,5,0,3,3,2,8,0.6,0,2,0,1,0,0,0,0,13,0,18:17,--
Ryan Pulock,20202021,NYI,R,D,10,0,3,3,1,2,0.3,0,2,0,1,0,0,0,0,20,0,22:46,--
Jake Gardiner,20202021,CAR,L,D,9,0,3,3,2,0,0.33,0,1,0,2,0,0,0,0,11,0,16:11,--
Sam Steel,20202021,ANA,L,C,13,0,3,3,-2,6,0.23,0,3,0,0,0,0,0,0,10,0,15:06,56.5
MacKenzie Weegar,20202021,FLA,R,D,9,0,3,3,0,2,0.33,0,3,0,0,0,0,0,0,20,0,22:50,--
Anton Stralman,20202021,FLA,R,D,9,0,3,3,-2,2,0.33,0,3,0,0,0,0,0,0,8,0,21:09,--
Jordie Benn,20202021,VAN,L,D,9,0,3,3,2,5,0.33,0,3,0,0,0,0,0,0,9,0,15:04,--
Kale Clague,20202021,LAK,L,D,9,0,3,3,-3,4,0.33,0,3,0,0,0,0,0,0,15,0,17:59,--
Liam Foudy,20202021,CBJ,L,C,12,0,3,3,0,2,0.25,0,3,0,0,0,0,0,0,25,0,13:46,33.3
Erik Karlsson,20202021,SJS,R,D,10,0,3,3,-6,2,0.3,0,2,0,1,0,0,0,0,15,0,26:32,--
Brady Skjei,20202021,CAR,L,D,9,0,3,3,-1,8,0.33,0,2,0,0,0,1,0,0,14,0,21:00,--
Carl Grundstrom,20202021,LAK,L,R,9,2,0,2,-3,2,0.22,2,2,0,0,0,0,0,1,12,16.7,11:40,0
Noah Gregor,20202021,SJS,L,C,8,2,0,2,-4,4,0.25,2,2,0,0,0,0,0,0,16,12.5,11:47,29.7
Jamie Oleksiak,20202021,DAL,L,D,9,2,0,2,0,2,0.22,2,2,0,0,0,0,0,1,7,28.6,18:06,--
Robby Fabbri,20202021,DET,L,C,5,2,0,2,0,0,0.4,2,2,0,0,0,0,0,1,11,18.2,15:43,34.9
Logan O'Connor,20202021,COL,R,R,3,2,0,2,2,2,0.67,2,2,0,0,0,0,0,0,6,33.3,9:04,--
Luke Kunin,20202021,NSH,R,C,8,2,0,2,-1,2,0.25,2,2,0,0,0,0,0,0,13,15.4,14:28,33.3
Colton Sceviour,20202021,PIT,R,C,8,2,0,2,-2,0,0.25,2,2,0,0,0,0,0,0,8,25,9:13,71.4
Kyle Clifford,20202021,STL,L,L,10,2,0,2,0,7,0.2,2,2,0,0,0,0,0,0,6,33.3,8:19,--
Adam Gaudette,20202021,VAN,R,C,11,2,0,2,-7,8,0.18,2,2,0,0,0,0,0,0,18,11.1,9:21,45.5
Travis Zajac,20202021,NJD,R,C,7,2,0,2,-1,2,0.29,2,2,0,0,0,0,0,0,10,20,16:48,41.8
Blake Lizotte,20202021,LAK,L,C,8,2,0,2,-3,6,0.25,2,2,0,0,0,0,0,0,10,20,13:16,54.2
Jake Evans,20202021,MTL,R,C,12,2,0,2,1,16,0.17,1,1,0,0,1,1,0,0,18,11.1,12:39,49.3
Josh Archibald,20202021,EDM,R,R,13,2,0,2,-5,4,0.15,2,2,0,0,0,0,0,0,14,14.3,12:19,0
Colton Sissons,20202021,NSH,R,C,11,2,0,2,2,4,0.18,2,2,0,0,0,0,0,0,10,20,14:17,48.5
Calle Jarnkrok,20202021,NSH,R,C,5,2,0,2,2,0,0.4,2,2,0,0,0,0,0,0,5,40,13:07,42.9
Zach Sanford,20202021,STL,L,L,11,1,1,2,-1,2,0.18,1,2,0,0,0,0,0,1,19,5.3,15:33,50
Riley Sheahan,20202021,BUF,L,C,10,1,1,2,1,0,0.2,1,2,0,0,0,0,0,0,4,25,11:49,65.2
Trevor Lewis,20202021,WPG,R,C,11,1,1,2,1,0,0.18,0,1,0,0,1,1,0,0,10,10,9:13,33.3
Yegor Sharangovich,20202021,NJD,L,C,9,1,1,2,1,0,0.22,1,2,0,0,0,0,1,1,10,10,14:36,25.6
Mikko Koivu,20202021,CBJ,L,C,7,1,1,2,-2,2,0.29,1,2,0,0,0,0,0,0,3,33.3,12:28,45.7
Joel Kiviranta,20202021,DAL,L,L,1,1,1,2,2,0,2,0,1,1,1,0,0,0,0,2,50,11:55,--
Radek Faksa,20202021,DAL,L,C,9,1,1,2,1,4,0.22,1,2,0,0,0,0,0,0,11,9.1,17:21,56.9
Ty Dellandrea,20202021,DAL,R,C,7,1,1,2,3,8,0.29,0,1,1,1,0,0,0,0,7,14.3,15:11,50.9
Riley Nash,20202021,CBJ,R,C,12,1,1,2,1,0,0.17,1,2,0,0,0,0,0,0,14,7.1,13:31,45.9
Brendan Lemieux,20202021,NYR,L,L,9,1,1,2,3,8,0.22,1,2,0,0,0,0,0,0,12,8.3,9:25,28.6
J.T. Compher,20202021,COL,R,L,11,1,1,2,-2,13,0.18,0,0,1,2,0,0,0,0,8,12.5,15:33,42.1
Joe Thornton,20202021,TOR,L,C,5,1,1,2,-1,2,0.4,1,1,0,1,0,0,0,0,7,14.3,15:26,36.4
Justin Dowling,20202021,DAL,L,C,5,1,1,2,0,4,0.4,1,2,0,0,0,0,0,0,7,14.3,12:04,39.3
Brad Richardson,20202021,NSH,L,R,8,1,1,2,2,2,0.25,1,2,0,0,0,0,0,1,5,20,11:35,55.3
Kevin Stenlund,20202021,CBJ,R,C,2,1,1,2,2,0,1,1,2,0,0,0,0,0,0,3,33.3,12:57,40
Sam Bennett,20202021,CGY,L,C,10,1,1,2,-5,4,0.2,1,2,0,0,0,0,0,0,15,6.7,13:09,42.9
Rocco Grimaldi,20202021,NSH,R,R,7,1,1,2,-5,4,0.29,1,2,0,0,0,0,0,0,5,20,11:22,--
Troy Terry,20202021,ANA,R,R,11,1,1,2,-1,2,0.18,1,2,0,0,0,0,0,0,16,6.3,12:48,50
Kurtis MacDermid,20202021,LAK,L,D,9,1,1,2,-5,14,0.22,1,2,0,0,0,0,0,0,8,12.5,13:52,--
Jujhar Khaira,20202021,EDM,L,L,4,1,1,2,-2,10,0.5,1,2,0,0,0,0,0,0,4,25,9:23,20
Frank Vatrano,20202021,FLA,L,C,9,1,1,2,1,4,0.22,1,2,0,0,0,0,1,1,28,3.6,14:11,16.7
Marcus Sorensen,20202021,SJS,L,L,10,1,1,2,-1,4,0.2,1,2,0,0,0,0,0,0,14,7.1,11:48,50
Zach Whitecloud,20202021,VGK,R,D,9,1,1,2,3,2,0.22,1,2,0,0,0,0,0,0,13,7.7,19:39,--
Carl Hagelin,20202021,WSH,L,L,12,1,1,2,1,2,0.17,1,2,0,0,0,0,0,0,19,5.3,15:59,22.2
Nick Bonino,20202021,MIN,L,C,11,1,1,2,-6,4,0.18,0,1,1,1,0,0,0,0,19,5.3,16:54,55.9
Casey Cizikas,20202021,NYI,L,C,10,1,1,2,-3,4,0.2,1,2,0,0,0,0,0,0,10,10,13:32,60.4
Chris Wagner,20202021,BOS,R,R,11,1,1,2,-1,6,0.18,1,2,0,0,0,0,0,0,19,5.3,12:25,62.2
Alexander Romanov,20202021,MTL,L,D,11,1,1,2,3,8,0.18,1,1,0,1,0,0,0,0,23,4.4,18:28,--
Mathieu Olivier,20202021,NSH,R,R,8,1,1,2,-1,6,0.25,0,1,1,1,0,0,0,0,10,10,10:54,100
Calvin de Haan,20202021,CHI,L,D,13,1,1,2,-7,4,0.15,1,2,0,0,0,0,0,1,21,4.8,20:37,--
Greg Pateryn,20202021,"MIN,COL",R,D,6,0,2,2,-1,2,0.33,0,2,0,0,0,0,0,0,4,0,13:58,--
Jacob Larsson,20202021,ANA,L,D,13,0,2,2,-1,2,0.15,0,2,0,0,0,0,0,0,9,0,16:30,--
Michael Amadio,20202021,LAK,R,C,10,0,2,2,-3,0,0.2,0,1,0,1,0,0,0,0,10,0,13:12,51.4
Kiefer Sherwood,20202021,COL,R,L,4,0,2,2,2,0,0.5,0,2,0,0,0,0,0,0,2,0,9:15,50
Ilya Mikheyev,20202021,TOR,L,R,12,0,2,2,-1,2,0.17,0,2,0,0,0,0,0,0,18,0,15:05,100
Mikey Anderson,20202021,LAK,L,D,11,0,2,2,-2,6,0.18,0,2,0,0,0,0,0,0,5,0,21:07,--
Anders Bjork,20202021,BOS,L,L,11,0,2,2,3,4,0.18,0,2,0,0,0,0,0,0,4,0,12:14,--
Travis Hamonic,20202021,VAN,R,D,5,0,2,2,0,4,0.4,0,2,0,0,0,0,0,0,7,0,18:11,0
Ryan Murray,20202021,NJD,L,D,9,0,2,2,2,0,0.22,0,2,0,0,0,0,0,0,5,0,21:28,--
Michael Sgarbossa,20202021,WSH,L,C,5,0,2,2,2,0,0.4,0,2,0,0,0,0,0,0,4,0,9:48,34.5
Ivan Barbashev,20202021,STL,L,C,12,0,2,2,1,4,0.17,0,2,0,0,0,0,0,0,8,0,11:57,40.4
Brandon Montour,20202021,BUF,R,D,10,0,2,2,-6,8,0.2,0,2,0,0,0,0,0,0,17,0,21:02,--
Ryan Lindgren,20202021,NYR,L,D,10,0,2,2,2,8,0.2,0,2,0,0,0,0,0,0,10,0,19:37,--
Adam Pelech,20202021,NYI,L,D,10,0,2,2,0,4,0.2,0,2,0,0,0,0,0,0,19,0,20:42,--
Dylan DeMelo,20202021,WPG,R,D,7,0,2,2,-1,4,0.29,0,2,0,0,0,0,0,0,7,0,18:12,--
Tyler Bozak,20202021,STL,R,C,7,0,2,2,-1,2,0.29,0,2,0,0,0,0,0,0,2,0,13:16,55.2
Michael Dal Colle,20202021,NYI,L,L,3,0,2,2,1,0,0.67,0,2,0,0,0,0,0,0,0,--,11:12,--
Jacob Trouba,20202021,NYR,R,D,10,0,2,2,2,6,0.2,0,2,0,0,0,0,0,0,17,0,22:38,--
Erik Gudbranson,20202021,OTT,R,D,12,0,2,2,-10,13,0.17,0,2,0,0,0,0,0,0,15,0,19:39,--
Jan Rutta,20202021,TBL,R,D,9,0,2,2,2,8,0.22,0,2,0,0,0,0,0,0,13,0,15:10,--
Artem Zub,20202021,OTT,R,D,4,0,2,2,-1,4,0.5,0,2,0,0,0,0,0,0,1,0,14:43,--
Sean Walker,20202021,LAK,R,D,7,0,2,2,-2,2,0.29,0,1,0,1,0,0,0,0,7,0,16:17,--
Christian Djoos,20202021,DET,L,D,9,0,2,2,-4,0,0.22,0,2,0,0,0,0,0,0,15,0,15:56,--
Taro Hirose,20202021,DET,L,L,6,0,2,2,2,0,0.33,0,2,0,0,0,0,0,0,10,0,14:22,50
Nikita Zadorov,20202021,CHI,L,D,13,0,2,2,0,7,0.15,0,2,0,0,0,0,0,0,12,0,18:43,--
Jon Merrill,20202021,DET,L,D,7,0,2,2,2,2,0.29,0,2,0,0,0,0,0,0,5,0,20:19,--
Frans Nielsen,20202021,DET,L,C,11,0,2,2,0,0,0.18,0,2,0,0,0,0,0,0,10,0,12:17,60
Michael Rasmussen,20202021,DET,L,C,8,0,2,2,-2,6,0.25,0,2,0,0,0,0,0,0,8,0,12:13,45.5
Blake Comeau,20202021,DAL,R,L,5,0,2,2,0,0,0.4,0,2,0,0,0,0,0,0,5,0,14:52,36.4
Jakub Zboril,20202021,BOS,L,D,11,0,2,2,0,4,0.18,0,1,0,1,0,0,0,0,9,0,18:08,--
Nick Jensen,20202021,WSH,R,D,9,0,2,2,2,2,0.22,0,2,0,0,0,0,0,0,8,0,17:45,--
Tanner Kero,20202021,DAL,L,C,7,0,2,2,1,2,0.29,0,2,0,0,0,0,0,0,6,0,12:55,55.6
Teuvo Teravainen,20202021,CAR,L,L,6,0,2,2,-1,0,0.33,0,2,0,0,0,0,0,0,16,0,16:41,33.3
Dante Fabbro,20202021,NSH,R,D,11,0,2,2,0,11,0.18,0,2,0,0,0,0,0,0,21,0,18:33,--
Jordan Martinook,20202021,CAR,L,L,6,0,2,2,-4,0,0.33,0,2,0,0,0,0,0,0,6,0,11:10,55.6
John Leonard,20202021,SJS,L,L,7,0,2,2,-5,0,0.29,0,2,0,0,0,0,0,0,9,0,13:04,--
Jared Spurgeon,20202021,MIN,R,D,11,0,2,2,-4,0,0.18,0,2,0,0,0,0,0,0,19,0,22:13,--
Jeremy Lauzon,20202021,BOS,L,D,11,0,2,2,-3,6,0.18,0,2,0,0,0,0,0,0,18,0,19:54,--
Kevin Shattenkirk,20202021,ANA,R,D,13,0,2,2,-4,12,0.15,0,2,0,0,0,0,0,0,25,0,22:46,--
Carson Soucy,20202021,MIN,L,D,11,0,2,2,4,14,0.18,0,2,0,0,0,0,0,0,8,0,16:01,--
Keegan Kolesar,20202021,VGK,R,R,7,0,2,2,-1,0,0.29,0,2,0,0,0,0,0,0,4,0,6:10,12.5
Jaccob Slavin,20202021,CAR,L,D,6,0,2,2,5,0,0.33,0,2,0,0,0,0,0,0,6,0,23:16,--
Ethan Bear,20202021,EDM,R,D,9,0,2,2,5,2,0.22,0,2,0,0,0,0,0,0,10,0,20:28,--
Eeli Tolvanen,20202021,NSH,L,R,3,1,0,1,-1,0,0.33,1,1,0,0,0,0,0,0,2,50,11:24,--
Devin Shore,20202021,EDM,L,C,8,1,0,1,-1,2,0.13,0,0,0,0,1,1,0,0,4,25,8:37,49
Barrett Hayton,20202021,ARI,L,C,10,1,0,1,-1,0,0.1,1,1,0,0,0,0,0,0,8,12.5,11:37,47.4
Arthur Kaliyev,20202021,LAK,L,R,1,1,0,1,-1,0,1,1,1,0,0,0,0,0,0,1,100,14:42,--
Evan Rodrigues,20202021,PIT,R,C,6,1,0,1,-4,0,0.17,1,1,0,0,0,0,0,0,12,8.3,15:52,60
Marcus Pettersson,20202021,PIT,L,D,4,1,0,1,-2,0,0.25,1,1,0,0,0,0,0,0,3,33.3,17:19,--
David Backes,20202021,ANA,R,R,5,1,0,1,0,0,0.2,1,1,0,0,0,0,0,1,14,7.1,14:23,52.2
Henri Jokiharju,20202021,BUF,R,D,7,1,0,1,-2,0,0.14,1,1,0,0,0,0,0,0,7,14.3,17:06,--
Isac Lundestrom,20202021,ANA,L,C,6,1,0,1,0,0,0.17,1,1,0,0,0,0,0,0,6,16.7,13:36,52.6
Alex Galchenyuk,20202021,OTT,L,L,5,1,0,1,-4,4,0.2,0,0,1,1,0,0,0,0,14,7.1,10:29,--
Yakov Trenin,20202021,NSH,L,C,8,1,0,1,1,0,0.13,1,1,0,0,0,0,0,0,7,14.3,9:07,--
Tomas Nosek,20202021,VGK,L,L,9,1,0,1,-1,4,0.11,1,1,0,0,0,0,0,0,11,9.1,12:42,51.1
Pierre-Luc Dubois,20202021,CBJ,L,L,5,1,0,1,-2,2,0.2,1,1,0,0,0,0,0,1,7,14.3,14:31,54.1
Cedric Paquette,20202021,OTT,L,C,9,1,0,1,-8,4,0.11,1,1,0,0,0,0,0,0,4,25,10:15,42.9
Pat Maroon,20202021,TBL,L,L,9,1,0,1,1,17,0.11,1,1,0,0,0,0,0,0,8,12.5,11:11,33.3
Jaret Anderson-Dolan,20202021,LAK,L,C,2,1,0,1,-1,4,0.5,1,1,0,0,0,0,0,0,2,50,12:05,41.7
Callan Foote,20202021,TBL,R,D,7,1,0,1,7,0,0.14,1,1,0,0,0,0,0,0,5,20,10:40,--
Alexis Lafrenière,20202021,NYR,L,L,10,1,0,1,-3,2,0.1,1,1,0,0,0,0,1,1,18,5.6,14:27,50
Robert Hagg,20202021,PHI,L,D,10,1,0,1,-3,2,0.1,1,1,0,0,0,0,0,0,11,9.1,15:32,--
Ryan Carpenter,20202021,CHI,R,C,9,1,0,1,0,6,0.11,1,1,0,0,0,0,0,0,20,5,13:14,35.7
Adam Brooks,20202021,TOR,L,C,1,1,0,1,-1,0,1,0,0,1,1,0,0,0,0,1,100,8:30,50
Anthony Bitetto,20202021,NYR,L,D,2,1,0,1,1,2,0.5,1,1,0,0,0,0,0,0,1,100,12:11,--
Nate Prosser,20202021,PHI,R,D,1,1,0,1,1,0,1,1,1,0,0,0,0,0,0,1,100,13:12,--
Slater Koekkoek,20202021,EDM,L,D,11,1,0,1,-5,2,0.09,1,1,0,0,0,0,0,0,11,9.1,14:19,--
Trevor van Riemsdyk,20202021,WSH,R,D,7,1,0,1,-3,0,0.14,1,1,0,0,0,0,0,0,7,14.3,18:19,--
Scott Mayfield,20202021,NYI,R,D,10,1,0,1,-5,2,0.1,1,1,0,0,0,0,0,0,15,6.7,18:53,--
Danny DeKeyser,20202021,DET,L,D,10,1,0,1,-1,6,0.1,1,1,0,0,0,0,0,0,8,12.5,15:30,--
Lias Andersson,20202021,LAK,L,C,8,1,0,1,-3,6,0.13,1,1,0,0,0,0,0,0,8,12.5,11:26,29.4
Valtteri Filppula,20202021,DET,L,C,11,1,0,1,-2,6,0.09,1,1,0,0,0,0,0,0,6,16.7,15:19,44.2
Oliver Wahlstrom,20202021,NYI,R,R,3,1,0,1,1,2,0.33,1,1,0,0,0,0,0,0,2,50,10:53,--
Jason Robertson,20202021,DAL,L,L,4,1,0,1,0,0,0.25,1,1,0,0,0,0,0,0,4,25,11:10,100
Aleksi Heponiemi,20202021,FLA,L,C,3,1,0,1,0,2,0.33,1,1,0,0,0,0,1,1,3,33.3,9:27,--
Esa Lindell,20202021,DAL,L,D,9,1,0,1,6,4,0.11,0,0,0,0,1,1,0,0,11,9.1,24:15,--
Jake Virtanen,20202021,VAN,R,R,11,1,0,1,0,6,0.09,1,1,0,0,0,0,0,0,17,5.9,12:13,100
Olli Juolevi,20202021,VAN,L,D,7,1,0,1,2,0,0.14,1,1,0,0,0,0,0,0,5,20,12:53,--
Zack MacEwen,20202021,VAN,R,C,10,1,0,1,2,12,0.1,1,1,0,0,0,0,0,0,14,7.1,8:07,66.7
Jack Studnicka,20202021,BOS,R,C,6,1,0,1,-2,0,0.17,1,1,0,0,0,0,0,0,6,16.7,13:31,25
Max Jones,20202021,ANA,L,L,6,1,0,1,-2,2,0.17,1,1,0,0,0,0,0,0,4,25,12:49,--
Artem Anisimov,20202021,OTT,L,C,4,0,1,1,-3,2,0.25,0,1,0,0,0,0,0,0,7,0,12:32,31.6
Kris Russell,20202021,EDM,L,D,8,0,1,1,-4,2,0.13,0,1,0,0,0,0,0,0,7,0,17:16,--
William Lagesson,20202021,EDM,L,D,4,0,1,1,2,0,0.25,0,1,0,0,0,0,0,0,1,0,12:18,--
Patrick Russell,20202021,EDM,R,R,1,0,1,1,0,0,1,0,1,0,0,0,0,0,0,1,0,8:48,--
Caleb Jones,20202021,EDM,L,D,7,0,1,1,-1,4,0.14,0,1,0,0,0,0,0,0,7,0,14:54,--
Evan Bouchard,20202021,EDM,R,D,2,0,1,1,0,0,0.5,0,1,0,0,0,0,0,0,7,0,15:23,--
Kevan Miller,20202021,BOS,R,D,11,0,1,1,-2,9,0.09,0,1,0,0,0,0,0,0,11,0,18:35,--
Pierre Engvall,20202021,TOR,L,L,4,0,1,1,0,4,0.25,0,1,0,0,0,0,0,0,7,0,9:33,50
Nicholas Merkley,20202021,NJD,L,R,3,0,1,1,1,0,0.33,0,1,0,0,0,0,0,0,3,0,9:59,100
David Kampf,20202021,CHI,L,C,13,0,1,1,-2,8,0.08,0,1,0,0,0,0,0,0,15,0,13:34,56.5
Bowen Byram,20202021,COL,L,D,8,0,1,1,1,8,0.13,0,1,0,0,0,0,0,0,15,0,17:28,--
Matt Calvert,20202021,COL,L,L,6,0,1,1,-1,0,0.17,0,1,0,0,0,0,0,0,7,0,14:47,0
Radim Simek,20202021,SJS,L,D,8,0,1,1,-2,2,0.13,0,1,0,0,0,0,0,0,4,0,13:24,--
Mark Borowiecki,20202021,NSH,L,D,8,0,1,1,1,29,0.13,0,1,0,0,0,0,0,0,4,0,12:42,--
Jesper Bratt,20202021,NJD,L,L,3,0,1,1,1,0,0.33,0,1,0,0,0,0,0,0,8,0,19:38,0
Alexander Chmelevski,20202021,SJS,R,C,1,0,1,1,0,0,1,0,1,0,0,0,0,0,0,2,0,6:11,33.3
Dylan Gambrell,20202021,SJS,R,C,7,0,1,1,-2,6,0.14,0,1,0,0,0,0,0,0,6,0,15:59,54.4
Josh Leivo,20202021,CGY,R,L,10,0,1,1,-3,4,0.1,0,1,0,0,0,0,0,0,15,0,12:39,25
Nicolas Beaudin,20202021,CHI,L,D,5,0,1,1,0,2,0.2,0,0,0,1,0,0,0,0,2,0,13:55,--
Ian Mitchell,20202021,CHI,R,D,13,0,1,1,-4,2,0.08,0,1,0,0,0,0,0,0,12,0,14:06,--
Derek Ryan,20202021,CGY,R,C,10,0,1,1,1,4,0.1,0,1,0,0,0,0,0,0,3,0,9:59,58.6
Daniel Carr,20202021,WSH,L,L,3,0,1,1,-2,0,0.33,0,1,0,0,0,0,0,0,3,0,10:15,--
Brogan Rafferty,20202021,VAN,R,D,1,0,1,1,-1,0,1,0,1,0,0,0,0,0,0,1,0,13:58,--
Brian Dumoulin,20202021,PIT,L,D,7,0,1,1,-1,2,0.14,0,1,0,0,0,0,0,0,9,0,22:19,--
Tage Thompson,20202021,BUF,R,R,5,0,1,1,-2,2,0.2,0,1,0,0,0,0,0,0,8,0,14:06,50
Carl Soderberg,20202021,CHI,L,C,8,0,1,1,1,6,0.13,0,1,0,0,0,0,0,0,6,0,14:01,44.6
Connor Bunnaman,20202021,PHI,L,C,8,0,1,1,-1,0,0.13,0,1,0,0,0,0,0,0,7,0,12:09,56
Justin Braun,20202021,PHI,R,D,13,0,1,1,4,2,0.08,0,1,0,0,0,0,0,0,9,0,18:02,--
Shayne Gostisbehere,20202021,PHI,L,D,7,0,1,1,4,0,0.14,0,1,0,0,0,0,0,0,14,0,20:00,--
Brandon Hagel,20202021,CHI,L,L,10,0,1,1,-3,2,0.1,0,1,0,0,0,0,0,0,15,0,12:24,50
Ian Cole,20202021,"COL,MIN",L,D,10,0,1,1,4,2,0.1,0,1,0,0,0,0,0,0,5,0,16:41,--
Sam Gagner,20202021,DET,R,C,7,0,1,1,1,9,0.14,0,1,0,0,0,0,0,0,11,0,13:40,28.6
Tyler Ennis,20202021,EDM,L,C,5,0,1,1,-3,0,0.2,0,1,0,0,0,0,0,0,4,0,9:34,--
Braydon Coburn,20202021,OTT,L,D,8,0,1,1,-5,4,0.13,0,1,0,0,0,0,0,0,5,0,17:21,--
Tyson Jost,20202021,COL,L,C,11,0,1,1,2,6,0.09,0,1,0,0,0,0,0,0,10,0,14:08,46.8
Patrik Nemeth,20202021,DET,L,D,13,0,1,1,-5,4,0.08,0,1,0,0,0,0,0,0,16,0,20:24,--
Brendan Smith,20202021,NYR,L,D,6,0,1,1,1,4,0.17,0,1,0,0,0,0,0,0,5,0,12:36,--
Tony DeAngelo,20202021,NYR,R,D,6,0,1,1,-6,4,0.17,0,0,0,1,0,0,0,0,13,0,18:29,--
Nicolas Roy,20202021,VGK,R,C,9,0,1,1,2,4,0.11,0,1,0,0,0,0,0,0,7,0,13:41,56.4
Alex Goligoski,20202021,ARI,L,D,11,0,1,1,1,4,0.09,0,1,0,0,0,0,0,0,12,0,21:45,--
Luke Schenn,20202021,TBL,R,D,7,0,1,1,-2,7,0.14,0,1,0,0,0,0,0,0,6,0,10:25,--
Trent Frederic,20202021,BOS,L,C,11,0,1,1,0,5,0.09,0,1,0,0,0,0,0,0,11,0,11:38,44.4
Brett Howden,20202021,NYR,L,C,10,0,1,1,-1,7,0.1,0,1,0,0,0,0,0,0,10,0,13:18,49.5
Erik Cernak,20202021,TBL,R,D,7,0,1,1,5,4,0.14,0,1,0,0,0,0,0,0,13,0,17:09,--
Matt Irwin,20202021,BUF,L,D,3,0,1,1,-1,4,0.33,0,1,0,0,0,0,0,0,7,0,16:18,--
Erik Johnson,20202021,COL,R,D,4,0,1,1,2,2,0.25,0,1,0,0,0,0,0,0,5,0,13:26,--
Gerald Mayhew,20202021,MIN,R,C,2,0,1,1,1,0,0.5,0,0,0,1,0,0,0,0,3,0,13:15,0
Radko Gudas,20202021,FLA,R,D,9,0,1,1,3,2,0.11,0,1,0,0,0,0,0,0,15,0,17:09,--
Ryan Graves,20202021,COL,L,D,10,0,1,1,-5,18,0.1,0,1,0,0,0,0,0,0,17,0,17:27,--
Erik Brannstrom,20202021,OTT,L,D,2,0,1,1,2,2,0.5,0,1,0,0,0,0,0,0,1,0,16:11,--
Casey Mittelstadt,20202021,BUF,L,C,2,0,1,1,-1,0,0.5,0,0,0,1,0,0,0,0,0,--,10:21,66.7
Anthony Beauvillier,20202021,NYI,L,L,5,0,1,1,-2,0,0.2,0,0,0,1,0,0,0,0,4,0,14:36,0
Dmitry Kulikov,20202021,NJD,L,D,9,0,1,1,4,2,0.11,0,1,0,0,0,0,0,0,10,0,19:56,--
Nikita Gusev,20202021,NJD,R,L,9,0,1,1,-6,0,0.11,0,1,0,0,0,0,0,0,24,0,14:08,--
Carl Gunnarsson,20202021,STL,L,D,6,0,1,1,0,6,0.17,0,1,0,0,0,0,0,0,2,0,12:40,--
Jeff Skinner,20202021,BUF,L,L,10,0,1,1,0,6,0.1,0,1,0,0,0,0,0,0,24,0,13:52,33.3
Cody Eakin,20202021,BUF,L,C,10,0,1,1,-2,0,0.1,0,1,0,0,0,0,0,0,4,0,14:09,59.7
Olli Maatta,20202021,LAK,L,D,7,0,1,1,-2,2,0.14,0,1,0,0,0,0,0,0,9,0,17:38,--
Nathan Beaulieu,20202021,WPG,L,D,11,0,1,1,2,12,0.09,0,1,0,0,0,0,0,0,12,0,18:00,--
Matt Tennyson,20202021,NJD,R,D,9,0,1,1,7,2,0.11,0,1,0,0,0,0,0,0,10,0,13:28,--
Zach Bogosian,20202021,TOR,R,D,12,0,1,1,4,6,0.08,0,1,0,0,0,0,0,0,10,0,14:36,--
Jake DeBrusk,20202021,BOS,L,L,6,0,1,1,-1,0,0.17,0,1,0,0,0,0,0,0,9,0,14:02,66.7
Nic Petan,20202021,TOR,L,C,2,0,1,1,1,2,0.5,0,1,0,0,0,0,0,0,3,0,9:52,--
Steven Lorentz,20202021,CAR,L,C,4,0,1,1,-1,2,0.25,0,1,0,0,0,0,0,0,2,0,12:06,66.7
Scott Harrington,20202021,CBJ,L,D,1,0,1,1,0,0,1,0,1,0,0,0,0,0,0,0,--,13:29,--
Owen Tippett,20202021,FLA,R,R,7,0,1,1,-3,4,0.14,0,1,0,0,0,0,0,0,9,0,11:02,--
Mitchell Stephens,20202021,TBL,R,C,4,0,1,1,-2,0,0.25,0,1,0,0,0,0,0,0,2,0,8:32,65.4
Alexander Volkov,20202021,TBL,L,R,4,0,1,1,-1,0,0.25,0,1,0,0,0,0,0,0,1,0,9:18,--
John Marino,20202021,PIT,R,D,11,0,1,1,-4,6,0.09,0,1,0,0,0,0,0,0,10,0,23:27,--
Patrick Marleau,20202021,SJS,L,C,10,0,1,1,-3,0,0.1,0,1,0,0,0,0,0,0,7,0,12:10,48.7
Nathan Gerbe,20202021,CBJ,L,C,1,0,1,1,1,2,1,0,1,0,0,0,0,0,0,1,0,9:36,--
Lawson Crouse,20202021,ARI,L,L,8,0,1,1,-3,2,0.13,0,0,0,1,0,0,0,0,9,0,13:56,42.9
Jason Demers,20202021,ARI,R,D,11,0,1,1,-2,12,0.09,0,1,0,0,0,0,0,0,12,0,17:43,--
Drew O'Connor,20202021,PIT,L,L,5,0,1,1,0,0,0.2,0,1,0,0,0,0,0,0,4,0,10:25,100
Chad Ruhwedel,20202021,PIT,R,D,10,0,1,1,0,12,0.1,0,1,0,0,0,0,0,0,11,0,15:18,--
Matt Martin,20202021,NYI,L,L,10,0,1,1,-2,4,0.1,0,1,0,0,0,0,0,0,12,0,10:32,0
Ryan Reaves,20202021,VGK,R,R,9,0,1,1,-1,2,0.11,0,1,0,0,0,0,0,0,6,0,10:08,14.3
Alex Biega,20202021,DET,R,D,1,0,0,0,0,0,0,0,0,0,0,0,0,0,0,1,0,12:05,--
Luke Johnson,20202021,MIN,R,C,2,0,0,0,-1,0,0,0,0,0,0,0,0,0,0,1,0,11:13,0
Kyle Capobianco,20202021,ARI,L,D,2,0,0,0,-2,2,0,0,0,0,0,0,0,0,0,3,0,14:28,--
Kyle Rau,20202021,MIN,L,C,2,0,0,0,0,5,0,0,0,0,0,0,0,0,0,5,0,7:53,--
Mark Alt,20202021,LAK,R,D,2,0,0,0,0,2,0,0,0,0,0,0,0,0,0,3,0,13:35,--
Kevin Czuczman,20202021,PIT,L,D,2,0,0,0,-3,0,0,0,0,0,0,0,0,0,0,2,0,11:39,--
Jonas Siegenthaler,20202021,WSH,L,D,6,0,0,0,-3,2,0,0,0,0,0,0,0,0,0,3,0,15:32,--
Dmytro Timashov,20202021,NYI,L,L,1,0,0,0,-2,0,0,0,0,0,0,0,0,0,0,1,0,7:13,--
Austin Czarnik,20202021,NYI,R,C,1,0,0,0,0,0,0,0,0,0,0,0,0,0,0,1,0,14:12,50
Joel L'Esperance,20202021,DAL,R,C,3,0,0,0,-2,0,0,0,0,0,0,0,0,0,0,3,0,9:26,40
Stefan Noesen,20202021,SJS,R,R,4,0,0,0,0,2,0,0,0,0,0,0,0,0,0,3,0,9:31,25
Jacob MacDonald,20202021,COL,L,D,2,0,0,0,0,0,0,0,0,0,0,0,0,0,0,7,0,13:17,--
Martin Kaut,20202021,COL,R,R,1,0,0,0,0,2,0,0,0,0,0,0,0,0,0,0,--,5:50,--
Sheldon Dries,20202021,COL,L,C,1,0,0,0,1,2,0,0,0,0,0,0,0,0,0,1,0,8:20,0
Riley Stillman,20202021,FLA,L,D,1,0,0,0,-1,2,0,0,0,0,0,0,0,0,0,0,--,16:58,--
Dryden Hunt,20202021,ARI,L,L,1,0,0,0,-2,0,0,0,0,0,0,0,0,0,0,0,--,10:44,--
Matt Luff,20202021,LAK,R,R,2,0,0,0,-1,0,0,0,0,0,0,0,0,0,0,1,0,9:54,50
Nicholas Robertson,20202021,TOR,L,L,1,0,0,0,0,0,0,0,0,0,0,0,0,0,0,1,0,2:20,--
Samuel Morin,20202021,PHI,L,L,1,0,0,0,-1,0,0,0,0,0,0,0,0,0,0,1,0,5:31,--
Libor Hajek,20202021,NYR,L,D,1,0,0,0,0,0,0,0,0,0,0,0,0,0,0,0,--,9:29,--
Joey Anderson,20202021,TOR,R,R,1,0,0,0,1,2,0,0,0,0,0,0,0,0,0,0,--,9:36,0
Mikhail Maltsev,20202021,NJD,L,L,1,0,0,0,0,0,0,0,0,0,0,0,0,0,0,1,0,10:20,42.9
Jonny Brodzinski,20202021,NYR,R,C,1,0,0,0,0,2,0,0,0,0,0,0,0,0,0,1,0,7:33,--
Fredrik Handemark,20202021,SJS,L,C,1,0,0,0,-1,0,0,0,0,0,0,0,0,0,0,0,--,9:44,40
Micheal Haley,20202021,OTT,L,L,1,0,0,0,0,5,0,0,0,0,0,0,0,0,0,0,--,7:39,0
Vinni Lettieri,20202021,ANA,R,C,1,0,0,0,1,0,0,0,0,0,0,0,0,0,0,2,0,13:45,--
Andrew Agozzino,20202021,ANA,L,L,1,0,0,0,0,0,0,0,0,0,0,0,0,0,0,1,0,16:00,55.6
Reese Johnson,20202021,CHI,R,C,1,0,0,0,0,2,0,0,0,0,0,0,0,0,0,1,0,10:56,--
Jacob Middleton,20202021,SJS,L,D,1,0,0,0,-2,2,0,0,0,0,0,0,0,0,0,1,0,8:44,--
Gaetan Haas,20202021,EDM,R,C,2,0,0,0,-1,0,0,0,0,0,0,0,0,0,0,0,--,14:23,46.9
Drew Shore,20202021,CAR,R,C,1,0,0,0,-1,2,0,0,0,0,0,0,0,0,0,1,0,8:35,0
Joakim Nygard,20202021,EDM,L,L,4,0,0,0,0,2,0,0,0,0,0,0,0,0,0,2,0,8:40,--
Dominik Simon,20202021,CGY,L,C,6,0,0,0,1,0,0,0,0,0,0,0,0,0,0,2,0,10:22,28.6
Filip Chlapik,20202021,OTT,L,C,1,0,0,0,1,0,0,0,0,0,0,0,0,0,0,1,0,7:11,--
Lucas Carlsson,20202021,CHI,L,D,4,0,0,0,0,0,0,0,0,0,0,0,0,0,0,3,0,11:11,--
Brad Hunt,20202021,MIN,L,D,5,0,0,0,0,0,0,0,0,0,0,0,0,0,0,6,0,8:48,--
Nikolai Knyzhov,20202021,SJS,L,D,10,0,0,0,-3,8,0,0,0,0,0,0,0,0,0,9,0,10:44,--
Pierre-Edouard Bellemare,20202021,COL,L,C,8,0,0,0,1,4,0,0,0,0,0,0,0,0,0,5,0,10:57,64.7
Conor Timmins,20202021,COL,R,D,8,0,0,0,-1,0,0,0,0,0,0,0,0,0,0,9,0,13:18,--
Sheldon Rempal,20202021,CAR,R,R,3,0,0,0,0,0,0,0,0,0,0,0,0,0,0,3,0,8:18,0
Jake Bean,20202021,CAR,L,D,3,0,0,0,-1,2,0,0,0,0,0,0,0,0,0,3,0,11:54,--
Max McCormick,20202021,CAR,L,L,2,0,0,0,0,0,0,0,0,0,0,0,0,0,0,1,0,4:18,--
Emil Bemstrom,20202021,CBJ,R,C,5,0,0,0,1,0,0,0,0,0,0,0,0,0,0,7,0,11:49,--
Marc-Edouard Vlasic,20202021,SJS,L,D,10,0,0,0,-5,2,0,0,0,0,0,0,0,0,0,9,0,21:10,--
Ville Heinola,20202021,WPG,L,D,1,0,0,0,2,0,0,0,0,0,0,0,0,0,0,1,0,14:22,--
Kristian Vesalainen,20202021,WPG,L,L,4,0,0,0,0,0,0,0,0,0,0,0,0,0,0,3,0,7:25,--
Victor Mete,20202021,MTL,L,D,2,0,0,0,-2,2,0,0,0,0,0,0,0,0,0,0,--,16:14,--
Par Lindholm,20202021,BOS,L,C,1,0,0,0,0,0,0,0,0,0,0,0,0,0,0,0,--,12:55,80
Yannick Weber,20202021,PIT,R,D,2,0,0,0,-3,0,0,0,0,0,0,0,0,0,0,1,0,11:19,--
Dennis Gilbert,20202021,COL,L,D,1,0,0,0,0,0,0,0,0,0,0,0,0,0,0,0,--,9:54,--
Brian Pinho,20202021,WSH,R,C,2,0,0,0,-2,0,0,0,0,0,0,0,0,0,0,3,0,7:49,57.1
Connor McMichael,20202021,WSH,L,C,1,0,0,0,0,2,0,0,0,0,0,0,0,0,0,1,0,9:54,100
Robert Bortuzzo,20202021,STL,R,D,2,0,0,0,1,4,0,0,0,0,0,0,0,0,0,1,0,7:47,--
Ross Johnston,20202021,NYI,L,L,6,0,0,0,-2,18,0,0,0,0,0,0,0,0,0,2,0,8:29,33.3
Kieffer Bellows,20202021,NYI,L,L,7,0,0,0,1,0,0,0,0,0,0,0,0,0,0,10,0,9:50,100
Michael Chaput,20202021,ARI,L,C,2,0,0,0,-1,0,0,0,0,0,0,0,0,0,0,1,0,13:40,33.3
John Hayden,20202021,ARI,R,C,4,0,0,0,-3,0,0,0,0,0,0,0,0,0,0,2,0,11:54,0
Nico Sturm,20202021,MIN,L,C,9,0,0,0,-4,4,0,0,0,0,0,0,0,0,0,14,0,9:36,48
Rasmus Asplund,20202021,BUF,L,C,1,0,0,0,0,0,0,0,0,0,0,0,0,0,0,2,0,7:20,--
Niklas Hjalmarsson,20202021,ARI,L,D,11,0,0,0,-1,6,0,0,0,0,0,0,0,0,0,8,0,18:41,--
Ilya Lyubushkin,20202021,ARI,R,D,2,0,0,0,0,0,0,0,0,0,0,0,0,0,0,1,0,13:08,--
Johan Larsson,20202021,ARI,L,L,11,0,0,0,-5,9,0,0,0,0,0,0,0,0,0,8,0,13:44,46.3
Niko Mikkola,20202021,STL,L,D,8,0,0,0,-1,2,0,0,0,0,0,0,0,0,0,7,0,13:10,--
Jake Walman,20202021,STL,L,D,1,0,0,0,0,0,0,0,0,0,0,0,0,0,0,0,--,5:51,--
Mackenzie MacEachern,20202021,STL,L,L,1,0,0,0,0,0,0,0,0,0,0,0,0,0,0,0,--,10:09,--
Jack Johnson,20202021,NYR,L,D,5,0,0,0,-4,4,0,0,0,0,0,0,0,0,0,5,0,16:37,--
Julien Gauthier,20202021,NYR,R,R,5,0,0,0,0,2,0,0,0,0,0,0,0,0,0,5,0,8:21,0
Nick Holden,20202021,VGK,L,D,2,0,0,0,0,0,0,0,0,0,0,0,0,0,0,4,0,15:00,--
William Carrier,20202021,VGK,L,L,9,0,0,0,-2,4,0,0,0,0,0,0,0,0,0,10,0,10:03,--
Christian Fischer,20202021,ARI,R,R,8,0,0,0,-2,0,0,0,0,0,0,0,0,0,0,4,0,11:26,0
Victor Soderstrom,20202021,ARI,R,D,2,0,0,0,1,0,0,0,0,0,0,0,0,0,0,1,0,13:41,--
Jordan Gross,20202021,ARI,R,D,3,0,0,0,-2,0,0,0,0,0,0,0,0,0,0,7,0,15:10,--
Travis Dermott,20202021,TOR,L,D,9,0,0,0,2,4,0,0,0,0,0,0,0,0,0,7,0,10:11,--
Dylan Coghlan,20202021,VGK,R,D,2,0,0,0,-1,0,0,0,0,0,0,0,0,0,0,1,0,13:30,--
Alexander Barabanov,20202021,TOR,L,L,6,0,0,0,-1,0,0,0,0,0,0,0,0,0,0,2,0,6:03,--
Matthew Highmore,20202021,CHI,L,C,8,0,0,0,-1,0,0,0,0,0,0,0,0,0,0,10,0,9:16,--
Joel Hanley,20202021,DAL,L,D,5,0,0,0,0,0,0,0,0,0,0,0,0,0,0,6,0,12:23,--
Mark Pysyk,20202021,DAL,R,D,9,0,0,0,1,8,0,0,0,0,0,0,0,0,0,6,0,12:34,--
Philippe Maillet,20202021,WSH,L,C,1,0,0,0,0,0,0,0,0,0,0,0,0,0,0,1,0,8:02,50
Dmitry Orlov,20202021,WSH,L,D,7,0,0,0,-4,2,0,0,0,0,0,0,0,0,0,6,0,18:35,--
Mason Marchment,20202021,FLA,L,L,1,0,0,0,-1,0,0,0,0,0,0,0,0,0,0,0,--,7:56,--
Mathias Brome,20202021,DET,L,L,11,0,0,0,-5,6,0,0,0,0,0,0,0,0,0,9,0,13:43,0
Rudolfs Balcers,20202021,SJS,L,L,1,0,0,0,-1,0,0,0,0,0,0,0,0,0,0,1,0,11:53,--
Jesper Fast,20202021,CAR,R,R,4,0,0,0,-1,2,0,0,0,0,0,0,0,0,0,3,0,14:28,0
Morgan Geekie,20202021,CAR,R,C,7,0,0,0,-1,2,0,0,0,0,0,0,0,0,0,4,0,10:03,49
Byron Froese,20202021,CGY,R,C,1,0,0,0,0,0,0,0,0,0,0,0,0,0,0,0,--,4:50,25
Nikita Nesterov,20202021,CGY,L,D,11,0,0,0,-3,4,0,0,0,0,0,0,0,0,0,5,0,15:49,--
Haydn Fleury,20202021,CAR,L,D,9,0,0,0,-3,4,0,0,0,0,0,0,0,0,0,15,0,15:25,--
Joakim Nordstrom,20202021,CGY,L,C,9,0,0,0,-5,4,0,0,0,0,0,0,0,0,0,6,0,11:02,0
Zac Rinaldo,20202021,CGY,L,C,1,0,0,0,0,0,0,0,0,0,0,0,0,0,0,0,--,2:04,--
Jalen Chatfield,20202021,VAN,R,D,9,0,0,0,-7,6,0,0,0,0,0,0,0,0,0,8,0,14:18,--
Loui Eriksson,20202021,VAN,L,L,1,0,0,0,-2,0,0,0,0,0,0,0,0,0,0,2,0,9:16,--
Justin Bailey,20202021,VAN,R,R,1,0,0,0,0,0,0,0,0,0,0,0,0,0,0,2,0,6:32,--
Mike Matheson,20202021,PIT,L,D,3,0,0,0,-2,6,0,0,0,0,0,0,0,0,0,4,0,17:31,--
Sam Lafferty,20202021,PIT,R,C,6,0,0,0,-4,2,0,0,0,0,0,0,0,0,0,5,0,8:02,37.5
Andy Greene,20202021,NYI,L,D,10,0,0,0,1,0,0,0,0,0,0,0,0,0,0,10,0,16:45,--
Leo Komarov,20202021,NYI,L,R,4,0,0,0,-2,5,0,0,0,0,0,0,0,0,0,3,0,12:15,0
Marco Scandella,20202021,STL,L,D,9,0,0,0,4,10,0,0,0,0,0,0,0,0,0,7,0,18:52,--
Nick Caamano,20202021,DAL,L,R,8,0,0,0,-4,2,0,0,0,0,0,0,0,0,0,13,0,8:49,--
Andrej Sekera,20202021,DAL,L,D,5,0,0,0,0,2,0,0,0,0,0,0,0,0,0,2,0,17:45,--
Rhett Gardner,20202021,DAL,L,C,2,0,0,0,-1,2,0,0,0,0,0,0,0,0,0,1,0,7:43,36.4
Matt Benning,20202021,NSH,R,D,10,0,0,0,0,6,0,0,0,0,0,0,0,0,0,6,0,14:02,--
Mark Friedman,20202021,PHI,R,D,3,0,0,0,-1,4,0,0,0,0,0,0,0,0,0,1,0,11:18,--
Luca Sbisa,20202021,NSH,L,D,1,0,0,0,0,0,0,0,0,0,0,0,0,0,0,0,--,11:58,--
Vinnie Hinostroza,20202021,FLA,R,C,4,0,0,0,0,0,0,0,0,0,0,0,0,0,0,1,0,10:21,33.3
Noel Acciari,20202021,FLA,R,C,9,0,0,0,0,0,0,0,0,0,0,0,0,0,0,7,0,14:36,45.7
Juho Lammikko,20202021,FLA,L,C,5,0,0,0,-3,0,0,0,0,0,0,0,0,0,0,4,0,9:10,40.7
Noah Juulsen,20202021,FLA,R,D,2,0,0,0,-1,0,0,0,0,0,0,0,0,0,0,3,0,15:38,--
Anton Blidh,20202021,BOS,L,L,2,0,0,0,0,2,0,0,0,0,0,0,0,0,0,1,0,9:25,--
Karson Kuhlman,20202021,BOS,R,C,2,0,0,0,-1,0,0,0,0,0,0,0,0,0,0,3,0,8:56,50
David Gustafsson,20202021,WPG,L,C,4,0,0,0,-1,0,0,0,0,0,0,0,0,0,0,1,0,5:49,52.4
Kyle Okposo,20202021,BUF,R,R,5,0,0,0,-1,0,0,0,0,0,0,0,0,0,0,1,0,11:58,0
Jarred Tinordi,20202021,NSH,L,D,3,0,0,0,1,2,0,0,0,0,0,0,0,0,0,4,0,14:13,--
Connor Clifton,20202021,BOS,R,D,6,0,0,0,0,7,0,0,0,0,0,0,0,0,0,7,0,17:08,--
Brandon Pirri,20202021,CHI,L,C,1,0,0,0,-2,0,0,0,0,0,0,0,0,0,0,2,0,11:29,0
Alex Chiasson,20202021,EDM,R,R,7,0,0,0,-4,0,0,0,0,0,0,0,0,0,0,6,0,12:09,0
Jesper Boqvist,20202021,NJD,L,C,5,0,0,0,0,2,0,0,0,0,0,0,0,0,0,3,0,13:34,37.5
Josh Manson,20202021,ANA,R,D,3,0,0,0,-2,2,0,0,0,0,0,0,0,0,0,1,0,15:46,--
Juuso Riikola,20202021,PIT,L,D,2,0,0,0,0,0,0,0,0,0,0,0,0,0,0,1,0,11:26,--
Sonny Milano,20202021,ANA,L,L,2,0,0,0,0,0,0,0,0,0,0,0,0,0,0,6,0,14:24,--
Andy Welinski,20202021,ANA,R,D,3,0,0,0,1,0,0,0,0,0,0,0,0,0,0,2,0,11:42,--
Austin Strand,20202021,LAK,R,D,2,0,0,0,0,2,0,0,0,0,0,0,0,0,0,0,--,15:51,--
Sami Niku,20202021,WPG,L,D,3,0,0,0,-2,6,0,0,0,0,0,0,0,0,0,1,0,12:26,--
Martin Frk,20202021,LAK,R,R,1,0,0,0,-1,0,0,0,0,0,0,0,0,0,0,0,--,9:21,--
Tucker Poolman,20202021,WPG,R,D,1,0,0,0,-1,0,0,0,0,0,0,0,0,0,0,0,--,18:53,--
Nate Thompson,20202021,WPG,L,C,4,0,0,0,0,0,0,0,0,0,0,0,0,0,0,1,0,7:25,41.2
Ben Hutton,20202021,ANA,L,D,7,0,0,0,-1,2,0,0,0,0,0,0,0,0,0,8,0,18:37,--
Jani Hakanpaa,20202021,ANA,R,D,13,0,0,0,3,6,0,0,0,0,0,0,0,0,0,10,0,18:10,--
Ondrej Kase,20202021,BOS,R,R,2,0,0,0,0,0,0,0,0,0,0,0,0,0,0,2,0,9:21,--
Joel Kellman,20202021,SJS,L,C,1,0,0,0,-1,2,0,0,0,0,0,0,0,0,0,1,0,12:07,50
Nicolas Meloche,20202021,SJS,R,D,1,0,0,0,1,0,0,0,0,0,0,0,0,0,0,0,--,5:43,--
Cole Smith,20202021,NSH,L,L,1,0,0,0,0,0,0,0,0,0,0,0,0,0,0,1,0,5:57,--
Brayden McNabb,20202021,VGK,L,D,7,0,0,0,-1,4,0,0,0,0,0,0,0,0,0,5,0,19:27,--
Christian Wolanin,20202021,OTT,L,D,4,0,0,0,-3,2,0,0,0,0,0,0,0,0,0,4,0,14:31,--
Josh Brown,20202021,OTT,R,D,8,0,0,0,-5,8,0,0,0,0,0,0,0,0,0,1,0,15:17,--
Luke Glendening,20202021,DET,R,C,13,0,0,0,-6,8,0,0,0,0,0,0,0,0,0,8,0,12:59,65.9
Darren Helm,20202021,DET,L,L,7,0,0,0,-2,2,0,0,0,0,0,0,0,0,0,11,0,13:06,80
Adam Erne,20202021,DET,L,L,5,0,0,0,-2,0,0,0,0,0,0,0,0,0,0,4,0,11:12,--
Jansen Harkins,20202021,WPG,L,C,9,0,0,0,-2,4,0,0,0,0,0,0,0,0,0,4,0,8:23,61.5
Logan Stanley,20202021,WPG,L,D,10,0,0,0,5,6,0,0,0,0,0,0,0,0,0,17,0,12:21,--
Morgan Frost,20202021,PHI,L,C,2,0,0,0,0,0,0,0,0,0,0,0,0,0,0,0,--,10:14,50
Ryan Lomberg,20202021,FLA,L,L,1,0,0,0,0,0,0,0,0,0,0,0,0,0,0,1,0,11:27,--
Gustav Forsling,20202021,FLA,L,D,3,0,0,0,1,0,0,0,0,0,0,0,0,0,0,3,0,15:15,--
Brett Connolly,20202021,FLA,R,R,5,0,0,0,2,0,0,0,0,0,0,0,0,0,0,2,0,11:58,--